-- phpMyAdmin SQL Dump
-- version 4.7.4
-- https://www.phpmyadmin.net/
--
-- Host: 127.0.0.1
-- Generation Time: May 03, 2018 at 02:53 PM
-- Server version: 10.1.29-MariaDB
-- PHP Version: 7.2.0

SET SQL_MODE = "NO_AUTO_VALUE_ON_ZERO";
SET AUTOCOMMIT = 0;
START TRANSACTION;
SET time_zone = "+00:00";


/*!40101 SET @OLD_CHARACTER_SET_CLIENT=@@CHARACTER_SET_CLIENT */;
/*!40101 SET @OLD_CHARACTER_SET_RESULTS=@@CHARACTER_SET_RESULTS */;
/*!40101 SET @OLD_COLLATION_CONNECTION=@@COLLATION_CONNECTION */;
/*!40101 SET NAMES utf8mb4 */;

--
-- Database: `elusi`
--
CREATE DATABASE IF NOT EXISTS `elusi` DEFAULT CHARACTER SET latin1 COLLATE latin1_swedish_ci;
USE `elusi`;

-- --------------------------------------------------------

--
-- Table structure for table `akademik`
--

CREATE TABLE `akademik` (
  `id_akademik` int(11) NOT NULL,
  `nama` varchar(255) DEFAULT NULL,
  `isDeleted` tinyint(4) NOT NULL DEFAULT '0',
  `id_user` int(11) NOT NULL,
  `createdDtm` datetime NOT NULL DEFAULT CURRENT_TIMESTAMP,
  `updatedDtm` timestamp NOT NULL DEFAULT '0000-00-00 00:00:00' ON UPDATE CURRENT_TIMESTAMP
) ENGINE=InnoDB DEFAULT CHARSET=latin1;

--
-- Dumping data for table `akademik`
--

INSERT INTO `akademik` (`id_akademik`, `nama`, `isDeleted`, `id_user`, `createdDtm`, `updatedDtm`) VALUES
(3, 'Muh. Fahrurifqi', 0, 4, '2018-04-10 19:40:07', '0000-00-00 00:00:00'),
(4, 'Anang', 0, 12, '2018-04-11 11:35:54', '0000-00-00 00:00:00'),
(5, 'Asisten', 0, 22, '2018-04-11 14:45:02', '0000-00-00 00:00:00');

-- --------------------------------------------------------

--
-- Table structure for table `anggota_sidang`
--

CREATE TABLE `anggota_sidang` (
  `id_anggota_sidang` int(11) NOT NULL,
  `id_sidang` int(11) NOT NULL,
  `id_dosen` int(11) DEFAULT NULL,
  `nama` varchar(255) NOT NULL,
  `role` varchar(20) NOT NULL,
  `createdDtm` datetime NOT NULL DEFAULT CURRENT_TIMESTAMP,
  `updatedDtm` timestamp NOT NULL DEFAULT '0000-00-00 00:00:00' ON UPDATE CURRENT_TIMESTAMP
) ENGINE=InnoDB DEFAULT CHARSET=latin1;

--
-- Dumping data for table `anggota_sidang`
--

INSERT INTO `anggota_sidang` (`id_anggota_sidang`, `id_sidang`, `id_dosen`, `nama`, `role`, `createdDtm`, `updatedDtm`) VALUES
(18, 10, 12, '', 'ketua', '2018-04-19 18:53:23', '0000-00-00 00:00:00'),
(19, 10, 11, '', 'anggota', '2018-04-19 18:53:23', '0000-00-00 00:00:00'),
(20, 11, 12, '', 'ketua', '2018-04-19 19:09:06', '0000-00-00 00:00:00'),
(21, 11, 26, '', 'sekretaris', '2018-04-19 19:09:06', '0000-00-00 00:00:00'),
(22, 11, 11, '', 'anggota', '2018-04-19 19:09:06', '0000-00-00 00:00:00'),
(23, 12, 12, '', 'ketua', '2018-04-19 19:36:06', '0000-00-00 00:00:00'),
(24, 12, 11, '', 'anggota', '2018-04-19 19:36:06', '0000-00-00 00:00:00'),
(25, 13, 12, '', 'ketua', '2018-04-19 19:40:55', '0000-00-00 00:00:00'),
(26, 13, 27, '', 'sekretaris', '2018-04-19 19:40:55', '0000-00-00 00:00:00'),
(27, 13, 11, '', 'anggota', '2018-04-19 19:40:55', '0000-00-00 00:00:00'),
(28, 14, 12, '', 'ketua', '2018-04-23 12:25:24', '2018-04-30 07:37:49'),
(29, 14, 28, '', 'sekretaris', '2018-04-23 12:25:24', '0000-00-00 00:00:00'),
(30, 14, 11, '', 'anggota', '2018-04-23 12:25:24', '0000-00-00 00:00:00'),
(31, 15, 26, '', 'ketua', '2018-04-26 18:06:01', '0000-00-00 00:00:00'),
(32, 15, 27, '', 'sekretaris', '2018-04-26 18:06:01', '0000-00-00 00:00:00'),
(33, 15, 28, '', 'anggota', '2018-04-26 18:06:01', '0000-00-00 00:00:00'),
(34, 16, 27, '', 'ketua', '2018-04-26 18:16:47', '0000-00-00 00:00:00'),
(35, 16, 28, '', 'sekretaris', '2018-04-26 18:16:47', '0000-00-00 00:00:00'),
(36, 16, 29, '', 'anggota', '2018-04-26 18:16:47', '0000-00-00 00:00:00'),
(37, 17, 29, '', 'ketua', '2018-04-27 11:09:11', '0000-00-00 00:00:00'),
(38, 17, 28, '', 'sekretaris', '2018-04-27 11:09:11', '0000-00-00 00:00:00'),
(39, 17, 12, '', 'anggota', '2018-04-27 11:09:11', '0000-00-00 00:00:00'),
(40, 18, 12, '', 'ketua', '2018-04-30 14:30:31', '0000-00-00 00:00:00'),
(41, 18, 26, '', 'sekretaris', '2018-04-30 14:30:31', '0000-00-00 00:00:00'),
(42, 18, 27, '', 'anggota', '2018-04-30 14:30:31', '0000-00-00 00:00:00');

-- --------------------------------------------------------

--
-- Table structure for table `berkas_sidang`
--

CREATE TABLE `berkas_sidang` (
  `id_berkas_sidang` int(11) NOT NULL,
  `nama_berkas` varchar(255) NOT NULL,
  `isDeleted` tinyint(4) NOT NULL DEFAULT '0',
  `createdDtm` datetime NOT NULL DEFAULT CURRENT_TIMESTAMP,
  `updatedDtm` timestamp NOT NULL DEFAULT '0000-00-00 00:00:00' ON UPDATE CURRENT_TIMESTAMP
) ENGINE=InnoDB DEFAULT CHARSET=latin1;

--
-- Dumping data for table `berkas_sidang`
--

INSERT INTO `berkas_sidang` (`id_berkas_sidang`, `nama_berkas`, `isDeleted`, `createdDtm`, `updatedDtm`) VALUES
(1, 'Usulan Sidang', 0, '2018-03-27 11:52:45', '0000-00-00 00:00:00'),
(2, 'KRS Semester Terakhir [ACC DPA]', 0, '2018-03-27 11:52:45', '0000-00-00 00:00:00'),
(3, 'Rekap Nilai', 0, '2018-03-27 11:52:45', '0000-00-00 00:00:00'),
(4, 'Kartu Hasil Studi [Semester awal hingga akhir]', 0, '2018-03-27 11:52:45', '0000-00-00 00:00:00'),
(5, 'Kartu Bimbingan [Min. 6 pertemuan]', 0, '2018-03-27 11:52:45', '0000-00-00 00:00:00'),
(6, 'Kartu Tanda Mahasiswa', 0, '2018-03-27 11:52:45', '0000-00-00 00:00:00'),
(7, 'Riwayat Registrasi', 0, '2018-03-27 11:52:45', '0000-00-00 00:00:00'),
(8, 'Proposal Tugas Akhir', 0, '2018-03-27 11:52:45', '0000-00-00 00:00:00'),
(9, 'Laporan Tugas Akhir', 0, '2018-03-27 11:52:45', '0000-00-00 00:00:00'),
(10, 'Cover Laporan TA [ACC dosen pembimbing]', 0, '2018-03-27 11:52:45', '0000-00-00 00:00:00');

-- --------------------------------------------------------

--
-- Table structure for table `berkas_yudisium`
--

CREATE TABLE `berkas_yudisium` (
  `id_berkas_yudisium` int(11) NOT NULL,
  `nama_berkas` varchar(255) NOT NULL,
  `isDeleted` tinyint(4) NOT NULL DEFAULT '0',
  `createdDtm` datetime NOT NULL DEFAULT CURRENT_TIMESTAMP,
  `updatedDtm` timestamp NOT NULL DEFAULT '0000-00-00 00:00:00' ON UPDATE CURRENT_TIMESTAMP
) ENGINE=InnoDB DEFAULT CHARSET=latin1;

--
-- Dumping data for table `berkas_yudisium`
--

INSERT INTO `berkas_yudisium` (`id_berkas_yudisium`, `nama_berkas`, `isDeleted`, `createdDtm`, `updatedDtm`) VALUES
(1, 'Permohonan Yudisium', 0, '2018-03-27 11:53:56', '0000-00-00 00:00:00'),
(2, 'Berita Acara', 0, '2018-03-27 11:53:56', '0000-00-00 00:00:00'),
(3, 'Surat Tanda Terima Menyerahkan Tugas Akhir & Bebas Perpustakaan UGM', 0, '2018-03-27 11:53:56', '0000-00-00 00:00:00'),
(4, 'Poster Hasil Tugas Akhir [ukuran A3]', 0, '2018-03-27 11:53:56', '0000-00-00 00:00:00'),
(5, 'Laporan Tugas Akhir [telah direvisi FINAL]', 0, '2018-03-27 11:53:56', '0000-00-00 00:00:00'),
(6, 'Ijazah SMA/K Terakhir', 0, '2018-03-27 11:53:56', '0000-00-00 00:00:00'),
(7, 'Sertifikat Kemampuan Bahasa Inggris [sesuai ketentuan berlaku]', 0, '2018-03-27 11:53:56', '0000-00-00 00:00:00');

-- --------------------------------------------------------

--
-- Table structure for table `dosbing`
--

CREATE TABLE `dosbing` (
  `id_dosbing` int(11) NOT NULL,
  `id_mahasiswa` int(11) NOT NULL,
  `id_dosen` int(11) NOT NULL
) ENGINE=InnoDB DEFAULT CHARSET=latin1;

--
-- Dumping data for table `dosbing`
--

INSERT INTO `dosbing` (`id_dosbing`, `id_mahasiswa`, `id_dosen`) VALUES
(1, 15, 11),
(2, 35, 11),
(3, 27, 11),
(4, 26, 11),
(5, 16, 11),
(6, 37, 12),
(8, 38, 28),
(9, 32, 29),
(10, 42, 12),
(11, 41, 27),
(12, 29, 11);

-- --------------------------------------------------------

--
-- Table structure for table `dosen`
--

CREATE TABLE `dosen` (
  `id_dosen` int(11) NOT NULL,
  `nid` varchar(255) DEFAULT NULL,
  `nama` varchar(255) DEFAULT NULL,
  `skill` text,
  `email` varchar(128) DEFAULT NULL,
  `mobile` varchar(128) DEFAULT NULL,
  `foto` varchar(128) DEFAULT NULL,
  `isDeleted` tinyint(4) NOT NULL,
  `id_user` int(11) NOT NULL,
  `createdDtm` datetime NOT NULL DEFAULT CURRENT_TIMESTAMP,
  `updatedDtm` timestamp NOT NULL DEFAULT '0000-00-00 00:00:00' ON UPDATE CURRENT_TIMESTAMP
) ENGINE=InnoDB DEFAULT CHARSET=latin1;

--
-- Dumping data for table `dosen`
--

INSERT INTO `dosen` (`id_dosen`, `nid`, `nama`, `skill`, `email`, `mobile`, `foto`, `isDeleted`, `id_user`, `createdDtm`, `updatedDtm`) VALUES
(11, '1332324324356', 'Imam', 'C++, PHP, Big Data, Javascript', 'imam@gmail.com', '089273833711', NULL, 0, 3, '2018-04-10 19:39:28', '2018-04-10 12:42:33'),
(12, '1123213213123', 'Muh. Fahrurifqi', NULL, NULL, '08931782138', NULL, 0, 4, '2018-04-10 19:40:07', '2018-04-30 08:27:06'),
(26, '11234345234', 'Hanung', NULL, NULL, '085712337831', NULL, 0, 35, '2018-04-17 17:16:22', '2018-04-30 08:27:12'),
(27, '11183341444', 'Bramantyo', NULL, NULL, '081238327383', NULL, 0, 36, '2018-04-17 17:16:22', '2018-04-30 08:27:18'),
(28, '13211323124', 'Coky', NULL, NULL, '085712371331', NULL, 0, 37, '2018-04-17 17:16:22', '2018-04-30 08:27:30'),
(29, '19231234325', 'Galuh', NULL, NULL, '089123831145', NULL, 0, 38, '2018-04-17 17:16:22', '2018-04-30 08:27:48');

-- --------------------------------------------------------

--
-- Table structure for table `jadwal_sidang`
--

CREATE TABLE `jadwal_sidang` (
  `id_jadwal` int(11) NOT NULL,
  `id_sidang` int(11) NOT NULL,
  `waktu` time DEFAULT NULL,
  `tanggal` date DEFAULT NULL,
  `ruang` varchar(255) DEFAULT NULL,
  `createdDtm` datetime NOT NULL DEFAULT CURRENT_TIMESTAMP,
  `updatedDtm` timestamp NOT NULL DEFAULT '0000-00-00 00:00:00' ON UPDATE CURRENT_TIMESTAMP
) ENGINE=InnoDB DEFAULT CHARSET=latin1;

--
-- Dumping data for table `jadwal_sidang`
--

INSERT INTO `jadwal_sidang` (`id_jadwal`, `id_sidang`, `waktu`, `tanggal`, `ruang`, `createdDtm`, `updatedDtm`) VALUES
(7, 10, '18:53:00', '2018-04-19', 'R104', '2018-04-19 18:53:23', '0000-00-00 00:00:00'),
(8, 11, '18:08:00', '2018-04-20', '909', '2018-04-19 19:09:06', '0000-00-00 00:00:00'),
(9, 12, '19:34:00', '2018-04-27', '312', '2018-04-19 19:36:06', '0000-00-00 00:00:00'),
(10, 13, '19:40:00', '2018-04-19', '123', '2018-04-19 19:40:55', '0000-00-00 00:00:00'),
(11, 14, '12:25:00', '2018-04-23', 'GP123', '2018-04-23 12:25:24', '0000-00-00 00:00:00'),
(12, 15, '18:05:00', '2018-04-26', 'HY 201', '2018-04-26 18:06:01', '0000-00-00 00:00:00'),
(13, 16, '18:16:00', '2018-04-26', 'HY546', '2018-04-26 18:16:47', '0000-00-00 00:00:00'),
(14, 17, '11:09:00', '2018-04-27', 'HY67', '2018-04-27 11:09:11', '0000-00-00 00:00:00'),
(15, 18, '14:30:00', '2018-04-30', 'HY671', '2018-04-30 14:30:31', '0000-00-00 00:00:00');

-- --------------------------------------------------------

--
-- Table structure for table `kaprodi`
--

CREATE TABLE `kaprodi` (
  `id_kaprodi` int(11) NOT NULL,
  `nama` varchar(255) NOT NULL,
  `nid` varchar(128) DEFAULT NULL,
  `id_user` int(11) NOT NULL,
  `id_dosen` int(11) NOT NULL,
  `id_akademik` int(11) NOT NULL,
  `isDeleted` tinyint(4) NOT NULL DEFAULT '0',
  `createdDtm` datetime NOT NULL DEFAULT CURRENT_TIMESTAMP,
  `updatedDtm` timestamp NOT NULL DEFAULT '0000-00-00 00:00:00' ON UPDATE CURRENT_TIMESTAMP
) ENGINE=InnoDB DEFAULT CHARSET=latin1;

--
-- Dumping data for table `kaprodi`
--

INSERT INTO `kaprodi` (`id_kaprodi`, `nama`, `nid`, `id_user`, `id_dosen`, `id_akademik`, `isDeleted`, `createdDtm`, `updatedDtm`) VALUES
(1, 'Muh. Fahrurifqi', NULL, 4, 12, 3, 0, '2018-04-10 19:40:07', '0000-00-00 00:00:00');

-- --------------------------------------------------------

--
-- Table structure for table `komponen`
--

CREATE TABLE `komponen` (
  `id_komponen` int(11) NOT NULL,
  `nama` varchar(255) NOT NULL,
  `isDeleted` tinyint(4) NOT NULL DEFAULT '0',
  `createdDtm` datetime NOT NULL DEFAULT CURRENT_TIMESTAMP,
  `updatedDtm` timestamp NOT NULL DEFAULT '0000-00-00 00:00:00' ON UPDATE CURRENT_TIMESTAMP
) ENGINE=InnoDB DEFAULT CHARSET=latin1;

--
-- Dumping data for table `komponen`
--

INSERT INTO `komponen` (`id_komponen`, `nama`, `isDeleted`, `createdDtm`, `updatedDtm`) VALUES
(1, 'Tata Bahasa', 0, '2018-03-05 15:03:15', '0000-00-00 00:00:00'),
(2, 'Bahasa', 0, '2018-04-03 19:50:01', '0000-00-00 00:00:00'),
(3, 'Kesesuaian Rancangan dengan Hasil', 0, '2018-04-03 19:50:27', '0000-00-00 00:00:00'),
(4, 'Inovasi/Kompleksitas/Aplikatif', 0, '2018-04-03 19:50:47', '0000-00-00 00:00:00'),
(5, 'Rumusan Masalah', 0, '2018-04-03 19:50:55', '0000-00-00 00:00:00'),
(6, 'Tujuan', 0, '2018-04-03 19:51:00', '0000-00-00 00:00:00'),
(7, 'Metode dan Perancangan', 0, '2018-04-03 19:51:11', '0000-00-00 00:00:00'),
(8, 'Analisis Hasil/Pembahasan', 0, '2018-04-03 19:51:24', '0000-00-00 00:00:00'),
(9, 'Kesimpulan', 0, '2018-04-03 19:51:33', '0000-00-00 00:00:00'),
(10, 'Presentasi', 0, '2018-04-03 19:51:40', '0000-00-00 00:00:00');

-- --------------------------------------------------------

--
-- Table structure for table `komponen_nilai`
--

CREATE TABLE `komponen_nilai` (
  `id_komponen_nilai` int(11) NOT NULL,
  `id_komponen` int(11) NOT NULL,
  `id_penilaian` int(11) NOT NULL,
  `nilai` decimal(10,2) NOT NULL DEFAULT '0.00',
  `createdDtm` datetime NOT NULL DEFAULT CURRENT_TIMESTAMP,
  `updatedDtm` timestamp NOT NULL DEFAULT '0000-00-00 00:00:00' ON UPDATE CURRENT_TIMESTAMP
) ENGINE=InnoDB DEFAULT CHARSET=latin1;

--
-- Dumping data for table `komponen_nilai`
--

INSERT INTO `komponen_nilai` (`id_komponen_nilai`, `id_komponen`, `id_penilaian`, `nilai`, `createdDtm`, `updatedDtm`) VALUES
(171, 1, 18, '4.00', '2018-04-19 18:53:24', '2018-04-19 11:59:01'),
(172, 2, 18, '4.00', '2018-04-19 18:53:24', '2018-04-19 11:59:01'),
(173, 3, 18, '4.00', '2018-04-19 18:53:24', '2018-04-19 11:59:02'),
(174, 4, 18, '4.00', '2018-04-19 18:53:24', '2018-04-19 11:59:02'),
(175, 5, 18, '4.00', '2018-04-19 18:53:24', '2018-04-19 11:59:02'),
(176, 6, 18, '4.00', '2018-04-19 18:53:24', '2018-04-19 11:59:02'),
(177, 7, 18, '4.00', '2018-04-19 18:53:24', '2018-04-19 11:59:02'),
(178, 8, 18, '4.00', '2018-04-19 18:53:24', '2018-04-19 11:59:02'),
(179, 9, 18, '4.00', '2018-04-19 18:53:24', '2018-04-19 11:59:02'),
(180, 10, 18, '4.00', '2018-04-19 18:53:24', '2018-04-19 11:59:02'),
(181, 1, 19, '4.00', '2018-04-19 18:53:24', '2018-04-19 11:57:59'),
(182, 2, 19, '3.80', '2018-04-19 18:53:24', '2018-04-19 11:57:59'),
(183, 3, 19, '3.70', '2018-04-19 18:53:24', '2018-04-19 11:57:59'),
(184, 4, 19, '3.70', '2018-04-19 18:53:24', '2018-04-19 11:57:59'),
(185, 5, 19, '4.00', '2018-04-19 18:53:24', '2018-04-19 11:57:59'),
(186, 6, 19, '4.00', '2018-04-19 18:53:24', '2018-04-19 11:57:59'),
(187, 7, 19, '4.00', '2018-04-19 18:53:24', '2018-04-19 11:57:59'),
(188, 8, 19, '4.00', '2018-04-19 18:53:24', '2018-04-19 11:57:59'),
(189, 9, 19, '4.00', '2018-04-19 18:53:24', '2018-04-19 11:57:59'),
(190, 10, 19, '4.00', '2018-04-19 18:53:24', '2018-04-19 11:57:59'),
(191, 1, 20, '4.00', '2018-04-19 19:09:07', '2018-04-19 12:10:38'),
(192, 2, 20, '4.00', '2018-04-19 19:09:07', '2018-04-19 12:10:38'),
(193, 3, 20, '4.00', '2018-04-19 19:09:07', '2018-04-19 12:10:38'),
(194, 4, 20, '4.00', '2018-04-19 19:09:07', '2018-04-19 12:10:38'),
(195, 5, 20, '4.00', '2018-04-19 19:09:07', '2018-04-19 12:10:38'),
(196, 6, 20, '4.00', '2018-04-19 19:09:07', '2018-04-19 12:10:38'),
(197, 7, 20, '4.00', '2018-04-19 19:09:07', '2018-04-19 12:10:38'),
(198, 8, 20, '4.00', '2018-04-19 19:09:07', '2018-04-19 12:10:38'),
(199, 9, 20, '4.00', '2018-04-19 19:09:07', '2018-04-19 12:10:38'),
(200, 10, 20, '4.00', '2018-04-19 19:09:07', '2018-04-19 12:10:38'),
(201, 1, 21, '4.00', '2018-04-19 19:09:07', '2018-04-19 12:32:25'),
(202, 2, 21, '4.00', '2018-04-19 19:09:07', '2018-04-19 12:32:25'),
(203, 3, 21, '4.00', '2018-04-19 19:09:07', '2018-04-19 12:32:25'),
(204, 4, 21, '4.00', '2018-04-19 19:09:07', '2018-04-19 12:32:25'),
(205, 5, 21, '4.00', '2018-04-19 19:09:07', '2018-04-19 12:32:25'),
(206, 6, 21, '4.00', '2018-04-19 19:09:07', '2018-04-19 12:32:25'),
(207, 7, 21, '4.00', '2018-04-19 19:09:07', '2018-04-19 12:32:25'),
(208, 8, 21, '4.00', '2018-04-19 19:09:07', '2018-04-19 12:32:25'),
(209, 9, 21, '4.00', '2018-04-19 19:09:07', '2018-04-19 12:32:26'),
(210, 10, 21, '3.80', '2018-04-19 19:09:07', '2018-04-19 12:32:26'),
(211, 1, 22, '4.00', '2018-04-19 19:09:07', '2018-04-19 12:31:33'),
(212, 2, 22, '4.00', '2018-04-19 19:09:07', '2018-04-19 12:31:33'),
(213, 3, 22, '4.00', '2018-04-19 19:09:07', '2018-04-19 12:31:33'),
(214, 4, 22, '4.00', '2018-04-19 19:09:07', '2018-04-19 12:31:34'),
(215, 5, 22, '4.00', '2018-04-19 19:09:07', '2018-04-19 12:31:34'),
(216, 6, 22, '4.00', '2018-04-19 19:09:07', '2018-04-19 12:31:34'),
(217, 7, 22, '4.00', '2018-04-19 19:09:08', '2018-04-19 12:31:34'),
(218, 8, 22, '4.00', '2018-04-19 19:09:08', '2018-04-19 12:31:34'),
(219, 9, 22, '4.00', '2018-04-19 19:09:08', '2018-04-19 12:31:34'),
(220, 10, 22, '4.00', '2018-04-19 19:09:08', '2018-04-19 12:31:34'),
(221, 1, 23, '4.00', '2018-04-19 19:36:07', '2018-04-19 12:37:00'),
(222, 2, 23, '3.50', '2018-04-19 19:36:08', '2018-04-19 12:37:00'),
(223, 3, 23, '4.00', '2018-04-19 19:36:08', '2018-04-19 12:37:01'),
(224, 4, 23, '3.00', '2018-04-19 19:36:08', '2018-04-19 12:37:01'),
(225, 5, 23, '4.00', '2018-04-19 19:36:08', '2018-04-19 12:37:01'),
(226, 6, 23, '3.00', '2018-04-19 19:36:08', '2018-04-19 12:37:01'),
(227, 7, 23, '3.50', '2018-04-19 19:36:08', '2018-04-19 12:37:01'),
(228, 8, 23, '3.70', '2018-04-19 19:36:09', '2018-04-19 12:37:01'),
(229, 9, 23, '3.90', '2018-04-19 19:36:09', '2018-04-19 12:37:01'),
(230, 10, 23, '4.00', '2018-04-19 19:36:09', '2018-04-19 12:37:01'),
(231, 1, 24, '4.00', '2018-04-19 19:36:09', '2018-04-19 12:37:35'),
(232, 2, 24, '4.00', '2018-04-19 19:36:09', '2018-04-19 12:37:36'),
(233, 3, 24, '4.00', '2018-04-19 19:36:09', '2018-04-19 12:37:36'),
(234, 4, 24, '4.00', '2018-04-19 19:36:10', '2018-04-19 12:37:36'),
(235, 5, 24, '4.00', '2018-04-19 19:36:10', '2018-04-19 12:37:36'),
(236, 6, 24, '4.00', '2018-04-19 19:36:10', '2018-04-19 12:37:36'),
(237, 7, 24, '4.00', '2018-04-19 19:36:10', '2018-04-19 12:37:36'),
(238, 8, 24, '3.50', '2018-04-19 19:36:10', '2018-04-19 12:37:36'),
(239, 9, 24, '3.80', '2018-04-19 19:36:10', '2018-04-19 12:37:36'),
(240, 10, 24, '3.90', '2018-04-19 19:36:10', '2018-04-19 12:37:37'),
(241, 1, 25, '3.90', '2018-04-19 19:40:55', '2018-04-19 12:43:14'),
(242, 2, 25, '3.90', '2018-04-19 19:40:55', '2018-04-19 12:43:14'),
(243, 3, 25, '3.79', '2018-04-19 19:40:55', '2018-04-19 12:43:14'),
(244, 4, 25, '3.15', '2018-04-19 19:40:55', '2018-04-19 12:43:14'),
(245, 5, 25, '3.90', '2018-04-19 19:40:55', '2018-04-19 12:43:14'),
(246, 6, 25, '3.90', '2018-04-19 19:40:55', '2018-04-19 12:43:14'),
(247, 7, 25, '3.78', '2018-04-19 19:40:55', '2018-04-19 12:43:14'),
(248, 8, 25, '3.56', '2018-04-19 19:40:55', '2018-04-19 12:43:14'),
(249, 9, 25, '3.90', '2018-04-19 19:40:55', '2018-04-19 12:43:14'),
(250, 10, 25, '3.50', '2018-04-19 19:40:55', '2018-04-19 12:43:14'),
(251, 1, 26, '3.50', '2018-04-19 19:40:55', '2018-04-19 12:42:22'),
(252, 2, 26, '3.80', '2018-04-19 19:40:55', '2018-04-19 12:42:23'),
(253, 3, 26, '3.70', '2018-04-19 19:40:55', '2018-04-19 12:42:23'),
(254, 4, 26, '3.75', '2018-04-19 19:40:55', '2018-04-19 12:42:23'),
(255, 5, 26, '3.90', '2018-04-19 19:40:55', '2018-04-19 12:42:23'),
(256, 6, 26, '3.98', '2018-04-19 19:40:55', '2018-04-19 12:42:23'),
(257, 7, 26, '3.70', '2018-04-19 19:40:55', '2018-04-19 12:42:23'),
(258, 8, 26, '3.30', '2018-04-19 19:40:56', '2018-04-19 12:42:23'),
(259, 9, 26, '3.50', '2018-04-19 19:40:56', '2018-04-19 12:42:23'),
(260, 10, 26, '4.00', '2018-04-19 19:40:56', '2018-04-19 12:42:23'),
(261, 1, 27, '3.40', '2018-04-19 19:40:56', '2018-04-19 12:44:03'),
(262, 2, 27, '3.60', '2018-04-19 19:40:56', '2018-04-19 12:44:03'),
(263, 3, 27, '3.90', '2018-04-19 19:40:56', '2018-04-19 12:44:03'),
(264, 4, 27, '4.00', '2018-04-19 19:40:56', '2018-04-19 12:44:03'),
(265, 5, 27, '3.94', '2018-04-19 19:40:56', '2018-04-19 12:44:03'),
(266, 6, 27, '3.90', '2018-04-19 19:40:56', '2018-04-19 12:44:03'),
(267, 7, 27, '3.80', '2018-04-19 19:40:56', '2018-04-19 12:44:03'),
(268, 8, 27, '3.40', '2018-04-19 19:40:56', '2018-04-19 12:44:04'),
(269, 9, 27, '3.30', '2018-04-19 19:40:56', '2018-04-19 12:44:04'),
(270, 10, 27, '4.00', '2018-04-19 19:40:56', '2018-04-19 12:44:04'),
(271, 1, 28, '3.80', '2018-04-23 12:25:25', '2018-04-23 05:32:34'),
(272, 2, 28, '3.80', '2018-04-23 12:25:25', '2018-04-23 05:32:34'),
(273, 3, 28, '3.80', '2018-04-23 12:25:25', '2018-04-23 05:32:34'),
(274, 4, 28, '3.75', '2018-04-23 12:25:25', '2018-04-23 05:32:34'),
(275, 5, 28, '3.50', '2018-04-23 12:25:25', '2018-04-23 05:32:35'),
(276, 6, 28, '3.87', '2018-04-23 12:25:25', '2018-04-23 05:32:35'),
(277, 7, 28, '3.90', '2018-04-23 12:25:25', '2018-04-23 05:32:35'),
(278, 8, 28, '4.00', '2018-04-23 12:25:25', '2018-04-23 05:32:35'),
(279, 9, 28, '3.98', '2018-04-23 12:25:25', '2018-04-23 05:32:35'),
(280, 10, 28, '3.79', '2018-04-23 12:25:25', '2018-04-23 05:32:35'),
(281, 1, 29, '3.90', '2018-04-23 12:25:25', '2018-04-23 05:34:01'),
(282, 2, 29, '4.00', '2018-04-23 12:25:25', '2018-04-23 05:34:01'),
(283, 3, 29, '4.00', '2018-04-23 12:25:25', '2018-04-23 05:34:01'),
(284, 4, 29, '3.80', '2018-04-23 12:25:25', '2018-04-23 05:34:01'),
(285, 5, 29, '3.78', '2018-04-23 12:25:25', '2018-04-23 05:34:01'),
(286, 6, 29, '3.99', '2018-04-23 12:25:25', '2018-04-23 05:34:01'),
(287, 7, 29, '3.70', '2018-04-23 12:25:25', '2018-04-23 05:34:01'),
(288, 8, 29, '3.85', '2018-04-23 12:25:25', '2018-04-23 05:34:01'),
(289, 9, 29, '3.80', '2018-04-23 12:25:25', '2018-04-23 05:34:01'),
(290, 10, 29, '3.80', '2018-04-23 12:25:25', '2018-04-23 05:34:01'),
(291, 1, 30, '4.00', '2018-04-23 12:25:25', '2018-04-23 05:34:49'),
(292, 2, 30, '4.00', '2018-04-23 12:25:25', '2018-04-23 05:34:49'),
(293, 3, 30, '4.00', '2018-04-23 12:25:25', '2018-04-23 05:34:49'),
(294, 4, 30, '4.00', '2018-04-23 12:25:25', '2018-04-23 05:34:49'),
(295, 5, 30, '3.90', '2018-04-23 12:25:26', '2018-04-23 05:34:49'),
(296, 6, 30, '3.90', '2018-04-23 12:25:26', '2018-04-23 05:34:49'),
(297, 7, 30, '3.90', '2018-04-23 12:25:26', '2018-04-23 05:34:49'),
(298, 8, 30, '3.90', '2018-04-23 12:25:26', '2018-04-23 05:34:49'),
(299, 9, 30, '3.90', '2018-04-23 12:25:26', '2018-04-23 05:34:49'),
(300, 10, 30, '3.90', '2018-04-23 12:25:26', '2018-04-23 05:34:49'),
(301, 1, 31, '3.50', '2018-04-26 18:06:02', '2018-04-26 11:08:53'),
(302, 2, 31, '3.60', '2018-04-26 18:06:02', '2018-04-26 11:08:53'),
(303, 3, 31, '3.80', '2018-04-26 18:06:02', '2018-04-26 11:08:53'),
(304, 4, 31, '3.10', '2018-04-26 18:06:02', '2018-04-26 11:08:53'),
(305, 5, 31, '3.20', '2018-04-26 18:06:02', '2018-04-26 11:08:53'),
(306, 6, 31, '3.33', '2018-04-26 18:06:02', '2018-04-26 11:08:53'),
(307, 7, 31, '3.78', '2018-04-26 18:06:02', '2018-04-26 11:08:53'),
(308, 8, 31, '3.50', '2018-04-26 18:06:02', '2018-04-26 11:08:53'),
(309, 9, 31, '3.55', '2018-04-26 18:06:02', '2018-04-26 11:08:53'),
(310, 10, 31, '3.55', '2018-04-26 18:06:02', '2018-04-26 11:08:53'),
(311, 1, 32, '3.20', '2018-04-26 18:06:02', '2018-04-26 11:10:55'),
(312, 2, 32, '3.20', '2018-04-26 18:06:02', '2018-04-26 11:10:55'),
(313, 3, 32, '3.40', '2018-04-26 18:06:02', '2018-04-26 11:10:55'),
(314, 4, 32, '3.40', '2018-04-26 18:06:02', '2018-04-26 11:10:55'),
(315, 5, 32, '3.40', '2018-04-26 18:06:02', '2018-04-26 11:10:55'),
(316, 6, 32, '3.50', '2018-04-26 18:06:02', '2018-04-26 11:10:55'),
(317, 7, 32, '3.80', '2018-04-26 18:06:03', '2018-04-26 11:10:55'),
(318, 8, 32, '4.00', '2018-04-26 18:06:03', '2018-04-26 11:10:55'),
(319, 9, 32, '3.77', '2018-04-26 18:06:03', '2018-04-26 11:10:55'),
(320, 10, 32, '3.88', '2018-04-26 18:06:03', '2018-04-26 11:10:55'),
(321, 1, 33, '3.80', '2018-04-26 18:06:03', '2018-04-26 11:12:37'),
(322, 2, 33, '3.78', '2018-04-26 18:06:03', '2018-04-26 11:12:37'),
(323, 3, 33, '3.40', '2018-04-26 18:06:03', '2018-04-26 11:12:37'),
(324, 4, 33, '3.20', '2018-04-26 18:06:03', '2018-04-26 11:12:37'),
(325, 5, 33, '3.20', '2018-04-26 18:06:03', '2018-04-26 11:12:37'),
(326, 6, 33, '3.40', '2018-04-26 18:06:03', '2018-04-26 11:12:37'),
(327, 7, 33, '3.44', '2018-04-26 18:06:03', '2018-04-26 11:12:37'),
(328, 8, 33, '3.40', '2018-04-26 18:06:03', '2018-04-26 11:12:37'),
(329, 9, 33, '3.33', '2018-04-26 18:06:03', '2018-04-26 11:12:37'),
(330, 10, 33, '3.20', '2018-04-26 18:06:03', '2018-04-26 11:12:37'),
(331, 1, 34, '3.70', '2018-04-26 18:16:48', '2018-04-26 11:25:12'),
(332, 2, 34, '3.70', '2018-04-26 18:16:48', '2018-04-26 11:25:12'),
(333, 3, 34, '3.89', '2018-04-26 18:16:48', '2018-04-26 11:25:12'),
(334, 4, 34, '3.90', '2018-04-26 18:16:48', '2018-04-26 11:25:12'),
(335, 5, 34, '3.56', '2018-04-26 18:16:48', '2018-04-26 11:25:12'),
(336, 6, 34, '3.52', '2018-04-26 18:16:48', '2018-04-26 11:25:12'),
(337, 7, 34, '3.70', '2018-04-26 18:16:48', '2018-04-26 11:25:12'),
(338, 8, 34, '3.80', '2018-04-26 18:16:48', '2018-04-26 11:25:12'),
(339, 9, 34, '3.89', '2018-04-26 18:16:48', '2018-04-26 11:25:12'),
(340, 10, 34, '3.47', '2018-04-26 18:16:48', '2018-04-26 11:25:12'),
(341, 1, 35, '3.67', '2018-04-26 18:16:48', '2018-04-26 11:22:14'),
(342, 2, 35, '3.20', '2018-04-26 18:16:48', '2018-04-26 11:22:14'),
(343, 3, 35, '3.50', '2018-04-26 18:16:48', '2018-04-26 11:22:14'),
(344, 4, 35, '3.50', '2018-04-26 18:16:48', '2018-04-26 11:22:14'),
(345, 5, 35, '3.45', '2018-04-26 18:16:48', '2018-04-26 11:22:14'),
(346, 6, 35, '3.67', '2018-04-26 18:16:48', '2018-04-26 11:22:14'),
(347, 7, 35, '3.41', '2018-04-26 18:16:48', '2018-04-26 11:22:15'),
(348, 8, 35, '3.76', '2018-04-26 18:16:48', '2018-04-26 11:22:15'),
(349, 9, 35, '3.77', '2018-04-26 18:16:48', '2018-04-26 11:22:15'),
(350, 10, 35, '4.00', '2018-04-26 18:16:48', '2018-04-26 11:22:15'),
(351, 1, 36, '3.44', '2018-04-26 18:16:48', '2018-04-26 11:18:06'),
(352, 2, 36, '3.20', '2018-04-26 18:16:48', '2018-04-26 11:18:06'),
(353, 3, 36, '3.47', '2018-04-26 18:16:48', '2018-04-26 11:18:06'),
(354, 4, 36, '3.44', '2018-04-26 18:16:48', '2018-04-26 11:18:07'),
(355, 5, 36, '3.70', '2018-04-26 18:16:48', '2018-04-26 11:18:07'),
(356, 6, 36, '3.45', '2018-04-26 18:16:48', '2018-04-26 11:18:07'),
(357, 7, 36, '3.67', '2018-04-26 18:16:48', '2018-04-26 11:18:07'),
(358, 8, 36, '3.44', '2018-04-26 18:16:49', '2018-04-26 11:18:07'),
(359, 9, 36, '4.00', '2018-04-26 18:16:49', '2018-04-26 11:18:07'),
(360, 10, 36, '3.45', '2018-04-26 18:16:49', '2018-04-26 11:18:07'),
(361, 1, 37, '3.00', '2018-04-27 11:09:11', '2018-04-27 04:12:13'),
(362, 2, 37, '3.00', '2018-04-27 11:09:11', '2018-04-27 04:12:13'),
(363, 3, 37, '3.00', '2018-04-27 11:09:11', '2018-04-27 04:12:13'),
(364, 4, 37, '3.00', '2018-04-27 11:09:11', '2018-04-27 04:12:13'),
(365, 5, 37, '3.00', '2018-04-27 11:09:11', '2018-04-27 04:12:13'),
(366, 6, 37, '3.00', '2018-04-27 11:09:11', '2018-04-27 04:12:13'),
(367, 7, 37, '2.90', '2018-04-27 11:09:11', '2018-04-27 04:12:13'),
(368, 8, 37, '3.00', '2018-04-27 11:09:11', '2018-04-27 04:12:13'),
(369, 9, 37, '3.00', '2018-04-27 11:09:11', '2018-04-27 04:12:13'),
(370, 10, 37, '3.00', '2018-04-27 11:09:11', '2018-04-27 04:12:13'),
(371, 1, 38, '3.20', '2018-04-27 11:09:11', '2018-04-27 04:11:26'),
(372, 2, 38, '3.20', '2018-04-27 11:09:11', '2018-04-27 04:11:26'),
(373, 3, 38, '3.20', '2018-04-27 11:09:11', '2018-04-27 04:11:26'),
(374, 4, 38, '3.20', '2018-04-27 11:09:11', '2018-04-27 04:11:26'),
(375, 5, 38, '3.10', '2018-04-27 11:09:11', '2018-04-27 04:11:27'),
(376, 6, 38, '3.10', '2018-04-27 11:09:11', '2018-04-27 04:11:27'),
(377, 7, 38, '3.10', '2018-04-27 11:09:11', '2018-04-27 04:11:27'),
(378, 8, 38, '3.00', '2018-04-27 11:09:11', '2018-04-27 04:11:27'),
(379, 9, 38, '3.10', '2018-04-27 11:09:12', '2018-04-27 04:11:27'),
(380, 10, 38, '3.40', '2018-04-27 11:09:12', '2018-04-27 04:11:27'),
(381, 1, 39, '3.00', '2018-04-27 11:09:12', '2018-04-27 04:13:19'),
(382, 2, 39, '3.40', '2018-04-27 11:09:12', '2018-04-27 04:13:19'),
(383, 3, 39, '3.90', '2018-04-27 11:09:12', '2018-04-27 04:13:19'),
(384, 4, 39, '3.80', '2018-04-27 11:09:12', '2018-04-27 04:13:19'),
(385, 5, 39, '3.70', '2018-04-27 11:09:12', '2018-04-27 04:13:19'),
(386, 6, 39, '3.50', '2018-04-27 11:09:12', '2018-04-27 04:13:19'),
(387, 7, 39, '3.00', '2018-04-27 11:09:12', '2018-04-27 04:13:19'),
(388, 8, 39, '3.30', '2018-04-27 11:09:12', '2018-04-27 04:13:19'),
(389, 9, 39, '3.25', '2018-04-27 11:09:12', '2018-04-27 04:13:19'),
(390, 10, 39, '4.00', '2018-04-27 11:09:12', '2018-04-27 04:13:19'),
(391, 1, 40, '4.00', '2018-04-30 14:30:31', '2018-04-30 08:01:02'),
(392, 2, 40, '3.90', '2018-04-30 14:30:31', '2018-04-30 08:01:02'),
(393, 3, 40, '4.00', '2018-04-30 14:30:31', '2018-04-30 08:01:02'),
(394, 4, 40, '3.90', '2018-04-30 14:30:32', '2018-04-30 08:01:02'),
(395, 5, 40, '3.89', '2018-04-30 14:30:32', '2018-04-30 08:01:02'),
(396, 6, 40, '3.90', '2018-04-30 14:30:32', '2018-04-30 08:01:02'),
(397, 7, 40, '3.89', '2018-04-30 14:30:32', '2018-04-30 08:01:02'),
(398, 8, 40, '3.79', '2018-04-30 14:30:32', '2018-04-30 08:01:02'),
(399, 9, 40, '3.80', '2018-04-30 14:30:32', '2018-04-30 08:01:02'),
(400, 10, 40, '3.90', '2018-04-30 14:30:32', '2018-04-30 08:01:02'),
(401, 1, 41, '3.90', '2018-04-30 14:30:32', '2018-04-30 08:01:54'),
(402, 2, 41, '3.90', '2018-04-30 14:30:32', '2018-04-30 08:01:55'),
(403, 3, 41, '3.90', '2018-04-30 14:30:32', '2018-04-30 08:01:55'),
(404, 4, 41, '3.90', '2018-04-30 14:30:32', '2018-04-30 08:01:55'),
(405, 5, 41, '3.90', '2018-04-30 14:30:32', '2018-04-30 08:01:55'),
(406, 6, 41, '3.87', '2018-04-30 14:30:32', '2018-04-30 08:01:55'),
(407, 7, 41, '3.79', '2018-04-30 14:30:32', '2018-04-30 08:01:55'),
(408, 8, 41, '3.77', '2018-04-30 14:30:32', '2018-04-30 08:01:55'),
(409, 9, 41, '3.89', '2018-04-30 14:30:32', '2018-04-30 08:01:55'),
(410, 10, 41, '3.88', '2018-04-30 14:30:32', '2018-04-30 08:01:55'),
(411, 1, 42, '4.00', '2018-04-30 14:30:32', '2018-04-30 08:02:42'),
(412, 2, 42, '4.00', '2018-04-30 14:30:33', '2018-04-30 08:02:43'),
(413, 3, 42, '4.00', '2018-04-30 14:30:33', '2018-04-30 08:02:43'),
(414, 4, 42, '3.98', '2018-04-30 14:30:33', '2018-04-30 08:02:43'),
(415, 5, 42, '3.98', '2018-04-30 14:30:33', '2018-04-30 08:02:43'),
(416, 6, 42, '3.90', '2018-04-30 14:30:34', '2018-04-30 08:02:43'),
(417, 7, 42, '3.90', '2018-04-30 14:30:34', '2018-04-30 08:02:43'),
(418, 8, 42, '3.90', '2018-04-30 14:30:35', '2018-04-30 08:02:43'),
(419, 9, 42, '3.90', '2018-04-30 14:30:35', '2018-04-30 08:02:43'),
(420, 10, 42, '3.90', '2018-04-30 14:30:35', '2018-04-30 08:02:43');

-- --------------------------------------------------------

--
-- Table structure for table `log_pesan`
--

CREATE TABLE `log_pesan` (
  `id_log` int(11) NOT NULL,
  `id_mahasiswa` int(11) NOT NULL,
  `nama` varchar(128) NOT NULL,
  `deskripsi` text NOT NULL,
  `createdDtm` datetime NOT NULL DEFAULT CURRENT_TIMESTAMP,
  `updatedDtm` timestamp NOT NULL DEFAULT '0000-00-00 00:00:00' ON UPDATE CURRENT_TIMESTAMP
) ENGINE=InnoDB DEFAULT CHARSET=latin1;

--
-- Dumping data for table `log_pesan`
--

INSERT INTO `log_pesan` (`id_log`, `id_mahasiswa`, `nama`, `deskripsi`, `createdDtm`, `updatedDtm`) VALUES
(28, 15, 'Tugas akhir terplotting', 'Tugas akhir anda telah terplotting dengan judul dan dosbing sebagai berikut<br>\r\n                            <table>\r\n                            <tr>\r\n                            <td style=\"padding: 5px;\" ><h4>Judul</h4></td>\r\n                            <td style=\"padding: 5px;\" ><h4>:</h4></td>\r\n                            <td style=\"padding: 5px;\" ><h4><strong>Sistem Informasi Tambang</strong></h4></td>\r\n                            </tr>\r\n                            </tr>\r\n                            <td style=\"padding: 5px;\" ><h4>Dosen Pembimbing</h4></td>\r\n                            <td style=\"padding: 5px;\" ><h4>:</h4></td>\r\n                            <td style=\"padding: 5px;\" ><h4><strong>Imam</strong></h4></td>\r\n                            <tr>\r\n                            </table> ', '2018-04-19 18:43:35', '0000-00-00 00:00:00'),
(29, 15, 'Jadwal sidang terplotting.', 'Sidang akan dilaksanakan pada : <br>\r\n                            <table>\r\n                            <tr>\r\n                            <td style=\"padding: 5px;\" ><h4>Tanggal</h4></td>\r\n                            <td style=\"padding: 5px;\" ><h4>:</h4></td>\r\n                            <td style=\"padding: 5px;\" ><h4><strong>19/04/2018 pukul 18:53</strong></h4></td>\r\n                            </tr>\r\n                            <tr>\r\n                            <td style=\"padding: 5px;\" ><h4>Ruang</h4></td>\r\n                            <td style=\"padding: 5px;\" ><h4>:</h4></td>\r\n                            <td style=\"padding: 5px;\" ><h4><strong>R104</strong></h4></td>\r\n                            </tr>\r\n                            <tr>\r\n                            <td style=\"padding: 5px;\" ><h4>Ketua Penguji</h4></td>\r\n                            <td style=\"padding: 5px;\" ><h4>:</h4></td>\r\n                            <td style=\"padding: 5px;\" ><h4><strong> Muh. Fahrurifqi</strong></h4></td>\r\n                            </tr>\r\n                            </table> ', '2018-04-19 18:53:23', '0000-00-00 00:00:00'),
(30, 15, 'Pendaftaran Yudisium', 'Berkas yudisium anda telah diterima, silahkan menghubungi pihak akademik untuk lebih lanjut', '2018-04-19 19:00:21', '0000-00-00 00:00:00'),
(31, 35, 'Tugas akhir terplotting', 'Tugas akhir anda telah terplotting dengan judul dan dosbing sebagai berikut<br>\r\n                            <table>\r\n                            <tr>\r\n                            <td style=\"padding: 5px;\" ><h4>Judul</h4></td>\r\n                            <td style=\"padding: 5px;\" ><h4>:</h4></td>\r\n                            <td style=\"padding: 5px;\" ><h4><strong>Sistem Informasi Perpustakaan</strong></h4></td>\r\n                            </tr>\r\n                            </tr>\r\n                            <td style=\"padding: 5px;\" ><h4>Dosen Pembimbing</h4></td>\r\n                            <td style=\"padding: 5px;\" ><h4>:</h4></td>\r\n                            <td style=\"padding: 5px;\" ><h4><strong>Imam</strong></h4></td>\r\n                            <tr>\r\n                            </table> ', '2018-04-19 19:05:55', '0000-00-00 00:00:00'),
(32, 35, 'Kartu Tanda Mahasiswa', 'sorry guys tolong benerin ya', '2018-04-19 19:08:00', '0000-00-00 00:00:00'),
(33, 35, 'Jadwal sidang terplotting.', 'Sidang akan dilaksanakan pada : <br>\r\n                            <table>\r\n                            <tr>\r\n                            <td style=\"padding: 5px;\" ><h4>Tanggal</h4></td>\r\n                            <td style=\"padding: 5px;\" ><h4>:</h4></td>\r\n                            <td style=\"padding: 5px;\" ><h4><strong>20/04/2018 pukul 18:08</strong></h4></td>\r\n                            </tr>\r\n                            <tr>\r\n                            <td style=\"padding: 5px;\" ><h4>Ruang</h4></td>\r\n                            <td style=\"padding: 5px;\" ><h4>:</h4></td>\r\n                            <td style=\"padding: 5px;\" ><h4><strong>909</strong></h4></td>\r\n                            </tr>\r\n                            <tr>\r\n                            <td style=\"padding: 5px;\" ><h4>Ketua Penguji</h4></td>\r\n                            <td style=\"padding: 5px;\" ><h4>:</h4></td>\r\n                            <td style=\"padding: 5px;\" ><h4><strong> Muh. Fahrurifqi</strong></h4></td>\r\n                            </tr>\r\n                            <tr>\r\n                            <td style=\"padding: 5px;\" ><h4>Sekretaris Penguji</h4></td>\r\n                            <td style=\"padding: 5px;\" ><h4>:</h4></td>\r\n                            <td style=\"padding: 5px;\" ><h4><strong> Hanung</strong></h4></td>\r\n                            </tr>\r\n                            </table> ', '2018-04-19 19:09:06', '0000-00-00 00:00:00'),
(34, 27, 'Tugas akhir terplotting', 'Tugas akhir anda telah terplotting dengan judul dan dosbing sebagai berikut<br>\r\n                            <table>\r\n                            <tr>\r\n                            <td style=\"padding: 5px;\" ><h4>Judul</h4></td>\r\n                            <td style=\"padding: 5px;\" ><h4>:</h4></td>\r\n                            <td style=\"padding: 5px;\" ><h4><strong>Sistem Informasi Komputer</strong></h4></td>\r\n                            </tr>\r\n                            </tr>\r\n                            <td style=\"padding: 5px;\" ><h4>Dosen Pembimbing</h4></td>\r\n                            <td style=\"padding: 5px;\" ><h4>:</h4></td>\r\n                            <td style=\"padding: 5px;\" ><h4><strong>Imam</strong></h4></td>\r\n                            <tr>\r\n                            </table> ', '2018-04-19 19:34:34', '0000-00-00 00:00:00'),
(35, 27, 'Jadwal sidang terplotting.', 'Sidang akan dilaksanakan pada : <br>\r\n                            <table>\r\n                            <tr>\r\n                            <td style=\"padding: 5px;\" ><h4>Tanggal</h4></td>\r\n                            <td style=\"padding: 5px;\" ><h4>:</h4></td>\r\n                            <td style=\"padding: 5px;\" ><h4><strong>27/04/2018 pukul 19:34</strong></h4></td>\r\n                            </tr>\r\n                            <tr>\r\n                            <td style=\"padding: 5px;\" ><h4>Ruang</h4></td>\r\n                            <td style=\"padding: 5px;\" ><h4>:</h4></td>\r\n                            <td style=\"padding: 5px;\" ><h4><strong>312</strong></h4></td>\r\n                            </tr>\r\n                            <tr>\r\n                            <td style=\"padding: 5px;\" ><h4>Ketua Penguji</h4></td>\r\n                            <td style=\"padding: 5px;\" ><h4>:</h4></td>\r\n                            <td style=\"padding: 5px;\" ><h4><strong> Muh. Fahrurifqi</strong></h4></td>\r\n                            </tr>\r\n                            </table> ', '2018-04-19 19:36:06', '0000-00-00 00:00:00'),
(36, 26, 'Tugas akhir terplotting', 'Tugas akhir anda telah terplotting dengan judul dan dosbing sebagai berikut<br>\r\n                            <table>\r\n                            <tr>\r\n                            <td style=\"padding: 5px;\" ><h4>Judul</h4></td>\r\n                            <td style=\"padding: 5px;\" ><h4>:</h4></td>\r\n                            <td style=\"padding: 5px;\" ><h4><strong>Android Presensi Mahasiswa</strong></h4></td>\r\n                            </tr>\r\n                            </tr>\r\n                            <td style=\"padding: 5px;\" ><h4>Dosen Pembimbing</h4></td>\r\n                            <td style=\"padding: 5px;\" ><h4>:</h4></td>\r\n                            <td style=\"padding: 5px;\" ><h4><strong>Imam</strong></h4></td>\r\n                            <tr>\r\n                            </table> ', '2018-04-19 19:40:12', '0000-00-00 00:00:00'),
(37, 26, 'Jadwal sidang terplotting.', 'Sidang akan dilaksanakan pada : <br>\r\n                            <table>\r\n                            <tr>\r\n                            <td style=\"padding: 5px;\" ><h4>Tanggal</h4></td>\r\n                            <td style=\"padding: 5px;\" ><h4>:</h4></td>\r\n                            <td style=\"padding: 5px;\" ><h4><strong>19/04/2018 pukul 19:40</strong></h4></td>\r\n                            </tr>\r\n                            <tr>\r\n                            <td style=\"padding: 5px;\" ><h4>Ruang</h4></td>\r\n                            <td style=\"padding: 5px;\" ><h4>:</h4></td>\r\n                            <td style=\"padding: 5px;\" ><h4><strong>123</strong></h4></td>\r\n                            </tr>\r\n                            <tr>\r\n                            <td style=\"padding: 5px;\" ><h4>Ketua Penguji</h4></td>\r\n                            <td style=\"padding: 5px;\" ><h4>:</h4></td>\r\n                            <td style=\"padding: 5px;\" ><h4><strong> Muh. Fahrurifqi</strong></h4></td>\r\n                            </tr>\r\n                            <tr>\r\n                            <td style=\"padding: 5px;\" ><h4>Sekretaris Penguji</h4></td>\r\n                            <td style=\"padding: 5px;\" ><h4>:</h4></td>\r\n                            <td style=\"padding: 5px;\" ><h4><strong> Bramantyo</strong></h4></td>\r\n                            </tr>\r\n                            </table> ', '2018-04-19 19:40:55', '0000-00-00 00:00:00'),
(38, 16, 'Tugas akhir terplotting', 'Tugas akhir anda telah terplotting dengan judul dan dosbing sebagai berikut<br>\r\n                            <table>\r\n                            <tr>\r\n                            <td style=\"padding: 5px;\" ><h4>Judul</h4></td>\r\n                            <td style=\"padding: 5px;\" ><h4>:</h4></td>\r\n                            <td style=\"padding: 5px;\" ><h4><strong>Sistem Pelacak Kucing</strong></h4></td>\r\n                            </tr>\r\n                            </tr>\r\n                            <td style=\"padding: 5px;\" ><h4>Dosen Pembimbing</h4></td>\r\n                            <td style=\"padding: 5px;\" ><h4>:</h4></td>\r\n                            <td style=\"padding: 5px;\" ><h4><strong>Imam</strong></h4></td>\r\n                            <tr>\r\n                            </table> ', '2018-04-23 12:22:58', '0000-00-00 00:00:00'),
(39, 16, 'Jadwal sidang terplotting.', 'Sidang akan dilaksanakan pada : <br>\r\n                            <table>\r\n                            <tr>\r\n                            <td style=\"padding: 5px;\" ><h4>Tanggal</h4></td>\r\n                            <td style=\"padding: 5px;\" ><h4>:</h4></td>\r\n                            <td style=\"padding: 5px;\" ><h4><strong>23/04/2018 pukul 12:25</strong></h4></td>\r\n                            </tr>\r\n                            <tr>\r\n                            <td style=\"padding: 5px;\" ><h4>Ruang</h4></td>\r\n                            <td style=\"padding: 5px;\" ><h4>:</h4></td>\r\n                            <td style=\"padding: 5px;\" ><h4><strong>GP123</strong></h4></td>\r\n                            </tr>\r\n                            <tr>\r\n                            <td style=\"padding: 5px;\" ><h4>Ketua Penguji</h4></td>\r\n                            <td style=\"padding: 5px;\" ><h4>:</h4></td>\r\n                            <td style=\"padding: 5px;\" ><h4><strong> Bramantyo</strong></h4></td>\r\n                            </tr>\r\n                            <tr>\r\n                            <td style=\"padding: 5px;\" ><h4>Sekretaris Penguji</h4></td>\r\n                            <td style=\"padding: 5px;\" ><h4>:</h4></td>\r\n                            <td style=\"padding: 5px;\" ><h4><strong> Coky</strong></h4></td>\r\n                            </tr>\r\n                            </table> ', '2018-04-23 12:25:24', '0000-00-00 00:00:00'),
(40, 37, 'Tugas akhir terplotting', 'Tugas akhir anda telah terplotting dengan judul dan dosbing sebagai berikut<br>\r\n                            <table>\r\n                            <tr>\r\n                            <td style=\"padding: 5px;\" ><h4>Judul</h4></td>\r\n                            <td style=\"padding: 5px;\" ><h4>:</h4></td>\r\n                            <td style=\"padding: 5px;\" ><h4><strong>Sistem Informasi Kontrakan</strong></h4></td>\r\n                            </tr>\r\n                            </tr>\r\n                            <td style=\"padding: 5px;\" ><h4>Dosen Pembimbing</h4></td>\r\n                            <td style=\"padding: 5px;\" ><h4>:</h4></td>\r\n                            <td style=\"padding: 5px;\" ><h4><strong>Muh. Fahrurifqi</strong></h4></td>\r\n                            <tr>\r\n                            </table> ', '2018-04-24 21:28:28', '0000-00-00 00:00:00'),
(41, 38, 'Tugas akhir terplotting', 'Tugas akhir anda telah terplotting dengan judul dan dosbing sebagai berikut<br>\r\n                            <table>\r\n                            <tr>\r\n                            <td style=\"padding: 5px;\" ><h4>Judul</h4></td>\r\n                            <td style=\"padding: 5px;\" ><h4>:</h4></td>\r\n                            <td style=\"padding: 5px;\" ><h4><strong>Sistem Informasi Selam</strong></h4></td>\r\n                            </tr>\r\n                            </tr>\r\n                            <td style=\"padding: 5px;\" ><h4>Dosen Pembimbing</h4></td>\r\n                            <td style=\"padding: 5px;\" ><h4>:</h4></td>\r\n                            <td style=\"padding: 5px;\" ><h4><strong>Imam</strong></h4></td>\r\n                            <tr>\r\n                            </table> ', '2018-04-25 11:22:56', '0000-00-00 00:00:00'),
(42, 38, 'Tugas akhir terplotting', 'Tugas akhir anda telah terplotting dengan judul dan dosbing sebagai berikut<br>\r\n                            <table>\r\n                            <tr>\r\n                            <td style=\"padding: 5px;\" ><h4>Judul</h4></td>\r\n                            <td style=\"padding: 5px;\" ><h4>:</h4></td>\r\n                            <td style=\"padding: 5px;\" ><h4><strong>Sistem Informasi SMP 7</strong></h4></td>\r\n                            </tr>\r\n                            </tr>\r\n                            <td style=\"padding: 5px;\" ><h4>Dosen Pembimbing</h4></td>\r\n                            <td style=\"padding: 5px;\" ><h4>:</h4></td>\r\n                            <td style=\"padding: 5px;\" ><h4><strong>Bramantyo</strong></h4></td>\r\n                            <tr>\r\n                            </table> ', '2018-04-25 17:37:01', '0000-00-00 00:00:00'),
(43, 38, 'Tugas akhir telah dinonaktifkan', 'Tugas akhir anda yang berjudul <strong>\"Sistem Informasi SMP 7\"</strong> telah dinonaktifkan', '2018-04-25 18:04:09', '2018-04-25 11:07:32'),
(44, 38, 'Tugas akhir terplotting', 'Tugas akhir anda telah terplotting dengan judul dan dosbing sebagai berikut<br>\r\n                            <table>\r\n                            <tr>\r\n                            <td style=\"padding: 5px;\" ><h4>Judul</h4></td>\r\n                            <td style=\"padding: 5px;\" ><h4>:</h4></td>\r\n                            <td style=\"padding: 5px;\" ><h4><strong>Sistem Informasi Perkuliahan</strong></h4></td>\r\n                            </tr>\r\n                            </tr>\r\n                            <td style=\"padding: 5px;\" ><h4>Dosen Pembimbing</h4></td>\r\n                            <td style=\"padding: 5px;\" ><h4>:</h4></td>\r\n                            <td style=\"padding: 5px;\" ><h4><strong>Muh. Fahrurifqi</strong></h4></td>\r\n                            <tr>\r\n                            </table> ', '2018-04-26 14:53:34', '0000-00-00 00:00:00'),
(45, 38, 'Tugas akhir telah dinonaktifkan', 'Tugas akhir anda yang berjudul <strong>\"Sistem Informasi Perkuliahan\"</strong> telah dinonaktifkan', '2018-04-26 16:26:20', '0000-00-00 00:00:00'),
(46, 38, 'Tugas akhir terplotting', 'Tugas akhir anda telah terplotting dengan judul dan dosbing sebagai berikut<br>\r\n                            <table>\r\n                            <tr>\r\n                            <td style=\"padding: 5px;\" ><h4>Judul</h4></td>\r\n                            <td style=\"padding: 5px;\" ><h4>:</h4></td>\r\n                            <td style=\"padding: 5px;\" ><h4><strong>Sistem Informasi Pemantauan Laborat</strong></h4></td>\r\n                            </tr>\r\n                            </tr>\r\n                            <td style=\"padding: 5px;\" ><h4>Dosen Pembimbing</h4></td>\r\n                            <td style=\"padding: 5px;\" ><h4>:</h4></td>\r\n                            <td style=\"padding: 5px;\" ><h4><strong>Coky</strong></h4></td>\r\n                            <tr>\r\n                            </table> ', '2018-04-26 17:36:12', '0000-00-00 00:00:00'),
(47, 38, 'Jadwal sidang terplotting.', 'Sidang akan dilaksanakan pada : <br>\r\n                            <table>\r\n                            <tr>\r\n                            <td style=\"padding: 5px;\" ><h4>Tanggal</h4></td>\r\n                            <td style=\"padding: 5px;\" ><h4>:</h4></td>\r\n                            <td style=\"padding: 5px;\" ><h4><strong>26/04/2018 pukul 18:05</strong></h4></td>\r\n                            </tr>\r\n                            <tr>\r\n                            <td style=\"padding: 5px;\" ><h4>Ruang</h4></td>\r\n                            <td style=\"padding: 5px;\" ><h4>:</h4></td>\r\n                            <td style=\"padding: 5px;\" ><h4><strong>HY 201</strong></h4></td>\r\n                            </tr>\r\n                            <tr>\r\n                            <td style=\"padding: 5px;\" ><h4>Ketua Penguji</h4></td>\r\n                            <td style=\"padding: 5px;\" ><h4>:</h4></td>\r\n                            <td style=\"padding: 5px;\" ><h4><strong> Hanung</strong></h4></td>\r\n                            </tr>\r\n                            <tr>\r\n                            <td style=\"padding: 5px;\" ><h4>Sekretaris Penguji</h4></td>\r\n                            <td style=\"padding: 5px;\" ><h4>:</h4></td>\r\n                            <td style=\"padding: 5px;\" ><h4><strong> Bramantyo</strong></h4></td>\r\n                            </tr>\r\n                            </table> ', '2018-04-26 18:06:01', '0000-00-00 00:00:00'),
(48, 38, 'Lulus sidang', 'Selamat anda telah lulus sidang.', '2018-04-26 18:13:07', '0000-00-00 00:00:00'),
(49, 32, 'Tugas akhir terplotting', 'Tugas akhir anda telah terplotting dengan judul dan dosbing sebagai berikut<br>\r\n                            <table>\r\n                            <tr>\r\n                            <td style=\"padding: 5px;\" ><h4>Judul</h4></td>\r\n                            <td style=\"padding: 5px;\" ><h4>:</h4></td>\r\n                            <td style=\"padding: 5px;\" ><h4><strong>Sistem Informasi Ketahanan</strong></h4></td>\r\n                            </tr>\r\n                            </tr>\r\n                            <td style=\"padding: 5px;\" ><h4>Dosen Pembimbing</h4></td>\r\n                            <td style=\"padding: 5px;\" ><h4>:</h4></td>\r\n                            <td style=\"padding: 5px;\" ><h4><strong>Galuh</strong></h4></td>\r\n                            <tr>\r\n                            </table> ', '2018-04-26 18:15:29', '0000-00-00 00:00:00'),
(50, 32, 'Jadwal sidang terplotting.', 'Sidang akan dilaksanakan pada : <br>\r\n                            <table>\r\n                            <tr>\r\n                            <td style=\"padding: 5px;\" ><h4>Tanggal</h4></td>\r\n                            <td style=\"padding: 5px;\" ><h4>:</h4></td>\r\n                            <td style=\"padding: 5px;\" ><h4><strong>26/04/2018 pukul 18:16</strong></h4></td>\r\n                            </tr>\r\n                            <tr>\r\n                            <td style=\"padding: 5px;\" ><h4>Ruang</h4></td>\r\n                            <td style=\"padding: 5px;\" ><h4>:</h4></td>\r\n                            <td style=\"padding: 5px;\" ><h4><strong>HY546</strong></h4></td>\r\n                            </tr>\r\n                            <tr>\r\n                            <td style=\"padding: 5px;\" ><h4>Ketua Penguji</h4></td>\r\n                            <td style=\"padding: 5px;\" ><h4>:</h4></td>\r\n                            <td style=\"padding: 5px;\" ><h4><strong> Bramantyo</strong></h4></td>\r\n                            </tr>\r\n                            <tr>\r\n                            <td style=\"padding: 5px;\" ><h4>Sekretaris Penguji</h4></td>\r\n                            <td style=\"padding: 5px;\" ><h4>:</h4></td>\r\n                            <td style=\"padding: 5px;\" ><h4><strong> Coky</strong></h4></td>\r\n                            </tr>\r\n                            </table> ', '2018-04-26 18:16:47', '0000-00-00 00:00:00'),
(51, 32, 'Lulus sidang', 'Selamat anda telah lulus sidang.', '2018-04-26 18:26:07', '0000-00-00 00:00:00'),
(52, 42, 'Tugas akhir terplotting', 'Tugas akhir anda telah terplotting dengan judul dan dosbing sebagai berikut<br>\r\n                            <table>\r\n                            <tr>\r\n                            <td style=\"padding: 5px;\" ><h4>Judul</h4></td>\r\n                            <td style=\"padding: 5px;\" ><h4>:</h4></td>\r\n                            <td style=\"padding: 5px;\" ><h4><strong>Sistem Informasi Perkuliahan</strong></h4></td>\r\n                            </tr>\r\n                            </tr>\r\n                            <td style=\"padding: 5px;\" ><h4>Dosen Pembimbing</h4></td>\r\n                            <td style=\"padding: 5px;\" ><h4>:</h4></td>\r\n                            <td style=\"padding: 5px;\" ><h4><strong>Muh. Fahrurifqi</strong></h4></td>\r\n                            <tr>\r\n                            </table> ', '2018-04-27 11:06:52', '0000-00-00 00:00:00'),
(53, 42, 'Jadwal sidang terplotting.', 'Sidang akan dilaksanakan pada : <br>\r\n                            <table>\r\n                            <tr>\r\n                            <td style=\"padding: 5px;\" ><h4>Tanggal</h4></td>\r\n                            <td style=\"padding: 5px;\" ><h4>:</h4></td>\r\n                            <td style=\"padding: 5px;\" ><h4><strong>27/04/2018 pukul 11:09</strong></h4></td>\r\n                            </tr>\r\n                            <tr>\r\n                            <td style=\"padding: 5px;\" ><h4>Ruang</h4></td>\r\n                            <td style=\"padding: 5px;\" ><h4>:</h4></td>\r\n                            <td style=\"padding: 5px;\" ><h4><strong>HY67</strong></h4></td>\r\n                            </tr>\r\n                            <tr>\r\n                            <td style=\"padding: 5px;\" ><h4>Ketua Penguji</h4></td>\r\n                            <td style=\"padding: 5px;\" ><h4>:</h4></td>\r\n                            <td style=\"padding: 5px;\" ><h4><strong> Galuh</strong></h4></td>\r\n                            </tr>\r\n                            <tr>\r\n                            <td style=\"padding: 5px;\" ><h4>Sekretaris Penguji</h4></td>\r\n                            <td style=\"padding: 5px;\" ><h4>:</h4></td>\r\n                            <td style=\"padding: 5px;\" ><h4><strong> Coky</strong></h4></td>\r\n                            </tr>\r\n                            </table> ', '2018-04-27 11:09:11', '0000-00-00 00:00:00'),
(54, 42, 'Lulus sidang', 'Selamat anda telah lulus sidang.', '2018-04-27 11:13:35', '0000-00-00 00:00:00'),
(55, 35, 'Pendaftaran Yudisium', 'Berkas yudisium anda telah diterima, silahkan menghubungi pihak akademik untuk lebih lanjut', '2018-04-27 11:15:32', '0000-00-00 00:00:00'),
(56, 15, 'Pendaftaran Yudisium', 'Berkas yudisium anda telah diterima, silahkan menghubungi pihak akademik untuk lebih lanjut', '2018-04-27 11:15:39', '0000-00-00 00:00:00'),
(57, 41, 'Tugas akhir terplotting', 'Tugas akhir anda telah terplotting dengan judul dan dosbing sebagai berikut<br>\r\n                            <table>\r\n                            <tr>\r\n                            <td style=\"padding: 5px;\" ><h4>Judul</h4></td>\r\n                            <td style=\"padding: 5px;\" ><h4>:</h4></td>\r\n                            <td style=\"padding: 5px;\" ><h4><strong>Sistem Informasi Perbankan</strong></h4></td>\r\n                            </tr>\r\n                            </tr>\r\n                            <td style=\"padding: 5px;\" ><h4>Dosen Pembimbing</h4></td>\r\n                            <td style=\"padding: 5px;\" ><h4>:</h4></td>\r\n                            <td style=\"padding: 5px;\" ><h4><strong>Bramantyo</strong></h4></td>\r\n                            <tr>\r\n                            </table> ', '2018-04-30 14:27:52', '0000-00-00 00:00:00'),
(58, 41, 'Jadwal sidang terplotting.', 'Sidang akan dilaksanakan pada : <br>\r\n                            <table>\r\n                            <tr>\r\n                            <td style=\"padding: 5px;\" ><h4>Tanggal</h4></td>\r\n                            <td style=\"padding: 5px;\" ><h4>:</h4></td>\r\n                            <td style=\"padding: 5px;\" ><h4><strong>30/04/2018 pukul 14:30</strong></h4></td>\r\n                            </tr>\r\n                            <tr>\r\n                            <td style=\"padding: 5px;\" ><h4>Ruang</h4></td>\r\n                            <td style=\"padding: 5px;\" ><h4>:</h4></td>\r\n                            <td style=\"padding: 5px;\" ><h4><strong>HY671</strong></h4></td>\r\n                            </tr>\r\n                            <tr>\r\n                            <td style=\"padding: 5px;\" ><h4>Ketua Penguji</h4></td>\r\n                            <td style=\"padding: 5px;\" ><h4>:</h4></td>\r\n                            <td style=\"padding: 5px;\" ><h4><strong> Muh. Fahrurifqi</strong></h4></td>\r\n                            </tr>\r\n                            <tr>\r\n                            <td style=\"padding: 5px;\" ><h4>Sekretaris Penguji</h4></td>\r\n                            <td style=\"padding: 5px;\" ><h4>:</h4></td>\r\n                            <td style=\"padding: 5px;\" ><h4><strong> Hanung</strong></h4></td>\r\n                            </tr>\r\n                            </table> ', '2018-04-30 14:30:31', '0000-00-00 00:00:00'),
(59, 41, 'Jadwal sidang diubah.', 'Sidang akan dilaksanakan pada : <br>\r\n                            <table>\r\n                            <tr>\r\n                            <td style=\"padding: 5px;\" ><h4>Tanggal</h4></td>\r\n                            <td style=\"padding: 5px;\" ><h4>:</h4></td>\r\n                            <td style=\"padding: 5px;\" ><h4><strong>30/04/2018</strong></h4></td>\r\n                            </tr>\r\n                            <tr>\r\n                            <td style=\"padding: 5px;\" ><h4>Pukul</h4></td>\r\n                            <td style=\"padding: 5px;\" ><h4>:</h4></td>\r\n                            <td style=\"padding: 5px;\" ><h4><strong>14:30</strong></h4></td>\r\n                            </tr>\r\n                            <tr>\r\n                            <td style=\"padding: 5px;\" ><h4>Ruang</h4></td>\r\n                            <td style=\"padding: 5px;\" ><h4>:</h4></td>\r\n                            <td style=\"padding: 5px;\" ><h4><strong>HY671</strong></h4></td>\r\n                            </tr>\r\n                            <tr>\r\n                            <td style=\"padding: 5px;\" ><h4>Ketua Penguji</h4></td>\r\n                            <td style=\"padding: 5px;\" ><h4>:</h4></td>\r\n                            <td style=\"padding: 5px;\" ><h4><strong> Muh. Fahrurifqi</strong></h4></td>\r\n                            </tr>\r\n                            <tr>\r\n                            <td style=\"padding: 5px;\" ><h4>Sekretaris Penguji</h4></td>\r\n                            <td style=\"padding: 5px;\" ><h4>:</h4></td>\r\n                            <td style=\"padding: 5px;\" ><h4><strong> Hanung</strong></h4></td>\r\n                            </tr>\r\n                            </table> ', '2018-04-30 14:36:35', '0000-00-00 00:00:00'),
(60, 29, 'Tugas akhir terplotting', 'Tugas akhir anda telah terplotting dengan judul dan dosbing sebagai berikut<br>\r\n                            <table>\r\n                            <tr>\r\n                            <td style=\"padding: 5px;\" ><h4>Judul</h4></td>\r\n                            <td style=\"padding: 5px;\" ><h4>:</h4></td>\r\n                            <td style=\"padding: 5px;\" ><h4><strong>Sistem Informasi Penjualan Penyu</strong></h4></td>\r\n                            </tr>\r\n                            </tr>\r\n                            <td style=\"padding: 5px;\" ><h4>Dosen Pembimbing</h4></td>\r\n                            <td style=\"padding: 5px;\" ><h4>:</h4></td>\r\n                            <td style=\"padding: 5px;\" ><h4><strong>Imam</strong></h4></td>\r\n                            <tr>\r\n                            </table> ', '2018-04-30 14:37:37', '0000-00-00 00:00:00'),
(61, 16, 'Jadwal sidang diubah.', 'Sidang akan dilaksanakan pada : <br>\r\n                            <table>\r\n                            <tr>\r\n                            <td style=\"padding: 5px;\" ><h4>Tanggal</h4></td>\r\n                            <td style=\"padding: 5px;\" ><h4>:</h4></td>\r\n                            <td style=\"padding: 5px;\" ><h4><strong>23/04/2018</strong></h4></td>\r\n                            </tr>\r\n                            <tr>\r\n                            <td style=\"padding: 5px;\" ><h4>Pukul</h4></td>\r\n                            <td style=\"padding: 5px;\" ><h4>:</h4></td>\r\n                            <td style=\"padding: 5px;\" ><h4><strong>12:25</strong></h4></td>\r\n                            </tr>\r\n                            <tr>\r\n                            <td style=\"padding: 5px;\" ><h4>Ruang</h4></td>\r\n                            <td style=\"padding: 5px;\" ><h4>:</h4></td>\r\n                            <td style=\"padding: 5px;\" ><h4><strong>GP123</strong></h4></td>\r\n                            </tr>\r\n                            <tr>\r\n                            <td style=\"padding: 5px;\" ><h4>Ketua Penguji</h4></td>\r\n                            <td style=\"padding: 5px;\" ><h4>:</h4></td>\r\n                            <td style=\"padding: 5px;\" ><h4><strong> Muh. Fahrurifqi</strong></h4></td>\r\n                            </tr>\r\n                            <tr>\r\n                            <td style=\"padding: 5px;\" ><h4>Sekretaris Penguji</h4></td>\r\n                            <td style=\"padding: 5px;\" ><h4>:</h4></td>\r\n                            <td style=\"padding: 5px;\" ><h4><strong> Coky</strong></h4></td>\r\n                            </tr>\r\n                            </table> ', '2018-04-30 14:37:49', '0000-00-00 00:00:00'),
(62, 41, 'Lulus sidang', 'Selamat anda telah lulus sidang.', '2018-04-30 15:03:00', '0000-00-00 00:00:00'),
(63, 42, 'Pendaftaran Yudisium', 'Berkas yudisium anda telah diterima, silahkan menghubungi pihak akademik untuk lebih lanjut', '2018-04-30 15:04:29', '0000-00-00 00:00:00');

-- --------------------------------------------------------

--
-- Table structure for table `mahasiswa`
--

CREATE TABLE `mahasiswa` (
  `id_mahasiswa` int(11) NOT NULL,
  `nim` varchar(255) DEFAULT NULL,
  `nama` varchar(255) DEFAULT NULL,
  `mobile` varchar(15) DEFAULT NULL,
  `email` varchar(128) DEFAULT NULL,
  `ipk` double DEFAULT NULL,
  `jumlah_SKS` int(5) DEFAULT NULL,
  `skill` text,
  `foto` varchar(128) DEFAULT NULL,
  `pengalaman` text,
  `prodi` varchar(128) NOT NULL DEFAULT 'Komsi',
  `id_user` int(11) NOT NULL,
  `isDeleted` tinyint(4) NOT NULL DEFAULT '0',
  `createdDtm` datetime NOT NULL DEFAULT CURRENT_TIMESTAMP,
  `updatedDtm` timestamp NOT NULL DEFAULT '0000-00-00 00:00:00' ON UPDATE CURRENT_TIMESTAMP
) ENGINE=InnoDB DEFAULT CHARSET=latin1;

--
-- Dumping data for table `mahasiswa`
--

INSERT INTO `mahasiswa` (`id_mahasiswa`, `nim`, `nama`, `mobile`, `email`, `ipk`, `jumlah_SKS`, `skill`, `foto`, `pengalaman`, `prodi`, `id_user`, `isDeleted`, `createdDtm`, `updatedDtm`) VALUES
(15, '15/384470/SV/08827', 'Havil Wintas Ernanda', '08912378321', 'havil@komsi.com', 3.8, 120, 'Makan', NULL, 'Makan banyak', 'Komsi', 24, 0, '2018-04-12 11:39:35', '2018-04-19 11:39:36'),
(16, '15/384470/SV/08821', 'Peni Kurniawati', NULL, NULL, NULL, NULL, NULL, NULL, NULL, 'Komsi', 25, 0, '2018-04-12 12:18:11', '2018-04-18 09:43:55'),
(17, '15/384749/SV/08812', 'Nadya Prabaningrum', NULL, NULL, NULL, NULL, NULL, NULL, NULL, 'Komsi', 26, 0, '2018-04-12 12:18:35', '2018-04-18 08:51:52'),
(26, '15/386439/SV/08642', 'Sasmito Adi', NULL, NULL, NULL, NULL, NULL, NULL, NULL, 'Komsi', 43, 0, '2018-04-17 17:27:23', '0000-00-00 00:00:00'),
(27, '15/387498/SV/01379', 'Afif Imaduddin', NULL, NULL, NULL, NULL, NULL, NULL, NULL, 'Komsi', 44, 0, '2018-04-17 17:27:23', '0000-00-00 00:00:00'),
(28, '15/374910/SV/01380', 'Odiaz Bumma', NULL, NULL, NULL, NULL, NULL, NULL, NULL, 'Komsi', 45, 0, '2018-04-17 17:27:23', '0000-00-00 00:00:00'),
(29, '15/385919/SV/01381', 'Dandy Ari', NULL, NULL, NULL, NULL, NULL, NULL, NULL, 'Komsi', 46, 0, '2018-04-17 17:27:23', '0000-00-00 00:00:00'),
(32, '15/384372/SV/08812', 'Daniel', NULL, NULL, NULL, NULL, NULL, NULL, NULL, 'Komsi', 49, 0, '2018-04-18 14:10:34', '0000-00-00 00:00:00'),
(33, '14/331233/SV/01283', 'Aji', NULL, NULL, NULL, NULL, NULL, NULL, NULL, 'Komsi', 50, 0, '2018-04-18 18:21:24', '0000-00-00 00:00:00'),
(34, '14/331243/SV/02283', 'Prasetyo', NULL, NULL, NULL, NULL, NULL, NULL, NULL, 'Komsi', 51, 0, '2018-04-18 18:28:04', '0000-00-00 00:00:00'),
(35, '15/380436/SV/08243', 'Mardiana Dwi M', '081231992632', 'mardiana.dwi.m@mail.ugm.ac.id', 3.99, 103, 'makan, tidur', NULL, 'pernah bersamanya', 'Komsi', 52, 0, '2018-04-19 19:02:18', '2018-04-19 12:04:34'),
(37, '15/383838/SV/08882', 'Gery Coklat', NULL, NULL, NULL, NULL, NULL, NULL, NULL, 'Komsi', 54, 0, '2018-04-24 21:21:40', '0000-00-00 00:00:00'),
(38, '15/323838/SV/90213', 'Toni', NULL, NULL, NULL, NULL, NULL, NULL, NULL, 'Komsi', 55, 0, '2018-04-25 09:43:40', '0000-00-00 00:00:00'),
(39, '15/384213/SV/08812', 'Alviska Galuh N', NULL, NULL, NULL, NULL, NULL, NULL, NULL, 'Komsi', 56, 0, '2018-04-26 14:54:31', '0000-00-00 00:00:00'),
(40, '16/398323/SV/09673', 'Jamaludin', NULL, NULL, NULL, NULL, NULL, NULL, NULL, 'Komsi', 57, 0, '2018-04-26 18:41:36', '0000-00-00 00:00:00'),
(41, '16/398623/SV/09873', 'Suparman', '0857128371233', 'suparman@mail.com', 3.79, 120, 'Donec sollicitudin molestie malesuada. Praesent sapien massa, convallis a pellentesque nec, egestas non nisi. Vestibulum ante ipsum primis in faucibus orci luctus et ultrices posuere cubilia Curae; Donec velit neque, auctor sit amet aliquam vel, ullamcorper sit amet ligula. Proin eget tortor risus. Mauris blandit aliquet elit, eget tincidunt nibh pulvinar a. Proin eget tortor risus. Proin eget tortor risus. Vestibulum ac diam sit amet quam vehicula elementum sed sit amet dui. Quisque velit nisi, pretium ut lacinia in, elementum id enim. Proin eget tortor risus.', 'Foto-1525073371.png', 'Donec sollicitudin molestie malesuada. Praesent sapien massa, convallis a pellentesque nec, egestas non nisi. Vestibulum ante ipsum primis in faucibus orci luctus et ultrices posuere cubilia Curae; Donec velit neque, auctor sit amet aliquam vel, ullamcorper sit amet ligula. Proin eget tortor risus. Mauris blandit aliquet elit, eget tincidunt nibh pulvinar a. Proin eget tortor risus. Proin eget tortor risus. Vestibulum ac diam sit amet quam vehicula elementum sed sit amet dui. Quisque velit nisi, pretium ut lacinia in, elementum id enim. Proin eget tortor risus.', 'Komsi', 58, 0, '2018-04-26 18:41:36', '2018-04-30 07:29:31'),
(42, '16/398393/SV/09573', 'Yaman', '08912378132', 'yaman@mail.com', 3.85, 120, 'Lorem ipsum dolor sit amet, consectetur adipiscing elit. Phasellus vel cursus neque, at volutpat odio.', NULL, 'Lorem ipsum dolor sit amet, consectetur adipiscing elit. Phasellus vel cursus neque, at volutpat odio. Aenean a erat augue. Integer non neque placerat, consequat mauris eu, hendrerit nisi. Cras eget ultrices massa, in laoreet lorem. Donec pharetra lectus in urna semper mollis. Praesent lacinia iaculis auctor. ', 'Komsi', 59, 0, '2018-04-26 18:41:36', '2018-04-27 03:57:59'),
(43, '16/398723/SV/09973', 'Jacky', NULL, NULL, NULL, NULL, NULL, NULL, NULL, 'Komsi', 60, 0, '2018-04-26 18:41:36', '0000-00-00 00:00:00');

-- --------------------------------------------------------

--
-- Table structure for table `pengajuan_ta`
--

CREATE TABLE `pengajuan_ta` (
  `id_pengajuan_ta` int(11) NOT NULL,
  `id_ta` int(11) NOT NULL,
  `id_proyek` int(11) DEFAULT NULL,
  `pilihan` tinyint(4) NOT NULL,
  `status` enum('diterima','proses') NOT NULL DEFAULT 'proses',
  `jenis` enum('usul','proyek') NOT NULL,
  `createdDtm` datetime NOT NULL DEFAULT CURRENT_TIMESTAMP,
  `updatedDtm` timestamp NOT NULL DEFAULT '0000-00-00 00:00:00' ON UPDATE CURRENT_TIMESTAMP
) ENGINE=InnoDB DEFAULT CHARSET=latin1;

--
-- Dumping data for table `pengajuan_ta`
--

INSERT INTO `pengajuan_ta` (`id_pengajuan_ta`, `id_ta`, `id_proyek`, `pilihan`, `status`, `jenis`, `createdDtm`, `updatedDtm`) VALUES
(1, 12, 11, 1, 'diterima', 'proyek', '2018-04-19 18:40:55', '2018-04-19 11:43:35'),
(4, 13, 12, 1, 'diterima', 'proyek', '2018-04-19 19:05:34', '2018-04-19 12:05:55'),
(7, 14, 27, 1, 'diterima', 'proyek', '2018-04-19 19:34:18', '2018-04-19 12:34:34'),
(10, 15, 26, 1, 'diterima', 'proyek', '2018-04-19 19:39:46', '2018-04-19 12:40:12'),
(13, 16, 22, 1, 'proses', 'proyek', '2018-04-22 18:36:49', '0000-00-00 00:00:00'),
(14, 16, 24, 2, 'proses', 'proyek', '2018-04-22 18:36:49', '0000-00-00 00:00:00'),
(15, 16, 22, 3, 'proses', 'proyek', '2018-04-22 18:36:49', '0000-00-00 00:00:00'),
(16, 17, 28, 1, 'diterima', 'proyek', '2018-04-22 18:37:57', '2018-04-30 07:37:37'),
(20, 18, 23, 2, 'diterima', 'proyek', '2018-04-22 18:39:01', '2018-04-26 11:15:29'),
(24, 19, 24, 3, 'diterima', 'proyek', '2018-04-22 18:40:02', '2018-04-23 05:22:58'),
(25, 20, 29, 1, 'diterima', 'proyek', '2018-04-24 21:25:17', '2018-04-24 14:28:28'),
(53, 29, NULL, 3, 'diterima', 'usul', '2018-04-26 16:36:17', '2018-04-26 10:36:11'),
(54, 30, 21, 1, 'diterima', 'proyek', '2018-04-27 10:56:27', '2018-04-27 04:06:52'),
(63, 33, NULL, 3, 'diterima', 'usul', '2018-04-30 14:24:25', '2018-04-30 07:27:51');

-- --------------------------------------------------------

--
-- Table structure for table `pengumuman`
--

CREATE TABLE `pengumuman` (
  `id_pengumuman` int(11) NOT NULL,
  `judul` varchar(255) NOT NULL,
  `deskripsi` text NOT NULL,
  `lampiran` varchar(255) DEFAULT NULL,
  `createdDtm` datetime NOT NULL DEFAULT CURRENT_TIMESTAMP,
  `updatedDtm` timestamp NOT NULL DEFAULT '0000-00-00 00:00:00' ON UPDATE CURRENT_TIMESTAMP
) ENGINE=InnoDB DEFAULT CHARSET=latin1;

--
-- Dumping data for table `pengumuman`
--

INSERT INTO `pengumuman` (`id_pengumuman`, `judul`, `deskripsi`, `lampiran`, `createdDtm`, `updatedDtm`) VALUES
(2, 'PENGUMUMAN TUGAS AKHIR', '<div style=\"text-align: left;\">Tugas akhir membutuhkan beberapa berkas</div>', NULL, '2018-04-26 16:21:18', '0000-00-00 00:00:00');

-- --------------------------------------------------------

--
-- Table structure for table `penilaian`
--

CREATE TABLE `penilaian` (
  `id_penilaian` int(11) NOT NULL,
  `nilai_akhir_dosen` decimal(10,2) NOT NULL DEFAULT '0.00',
  `id_anggota_sidang` int(11) DEFAULT NULL,
  `role` varchar(20) NOT NULL,
  `id_sidang` int(11) NOT NULL,
  `createdDtm` datetime NOT NULL DEFAULT CURRENT_TIMESTAMP,
  `updatedDtm` timestamp NOT NULL DEFAULT '0000-00-00 00:00:00' ON UPDATE CURRENT_TIMESTAMP
) ENGINE=InnoDB DEFAULT CHARSET=latin1;

--
-- Dumping data for table `penilaian`
--

INSERT INTO `penilaian` (`id_penilaian`, `nilai_akhir_dosen`, `id_anggota_sidang`, `role`, `id_sidang`, `createdDtm`, `updatedDtm`) VALUES
(18, '4.00', 18, '', 10, '2018-04-19 18:53:23', '2018-04-19 11:59:02'),
(19, '3.92', 19, '', 10, '2018-04-19 18:53:24', '2018-04-19 11:57:59'),
(20, '4.00', 20, '', 11, '2018-04-19 19:09:06', '2018-04-19 12:10:38'),
(21, '3.98', 21, '', 11, '2018-04-19 19:09:06', '2018-04-19 12:32:26'),
(22, '4.00', 22, '', 11, '2018-04-19 19:09:06', '2018-04-19 12:31:34'),
(23, '3.66', 23, '', 12, '2018-04-19 19:36:07', '2018-04-19 12:37:01'),
(24, '3.92', 24, '', 12, '2018-04-19 19:36:07', '2018-04-19 12:37:37'),
(25, '3.73', 25, '', 13, '2018-04-19 19:40:55', '2018-04-19 12:43:14'),
(26, '3.71', 26, '', 13, '2018-04-19 19:40:55', '2018-04-19 12:42:23'),
(27, '3.72', 27, '', 13, '2018-04-19 19:40:55', '2018-04-19 12:44:04'),
(28, '3.82', 28, '', 14, '2018-04-23 12:25:24', '2018-04-23 05:32:35'),
(29, '3.86', 29, '', 14, '2018-04-23 12:25:25', '2018-04-23 05:34:01'),
(30, '3.94', 30, '', 14, '2018-04-23 12:25:25', '2018-04-23 05:34:49'),
(31, '3.49', 31, '', 15, '2018-04-26 18:06:01', '2018-04-26 11:08:53'),
(32, '3.56', 32, '', 15, '2018-04-26 18:06:02', '2018-04-26 11:10:55'),
(33, '3.42', 33, '', 15, '2018-04-26 18:06:02', '2018-04-26 11:12:37'),
(34, '3.71', 34, '', 16, '2018-04-26 18:16:47', '2018-04-26 11:25:12'),
(35, '3.59', 35, '', 16, '2018-04-26 18:16:47', '2018-04-26 11:22:15'),
(36, '3.53', 36, '', 16, '2018-04-26 18:16:48', '2018-04-26 11:18:07'),
(37, '2.99', 37, '', 17, '2018-04-27 11:09:11', '2018-04-27 04:12:13'),
(38, '3.16', 38, '', 17, '2018-04-27 11:09:11', '2018-04-27 04:11:27'),
(39, '3.49', 39, '', 17, '2018-04-27 11:09:11', '2018-04-27 04:13:19'),
(40, '3.90', 40, '', 18, '2018-04-30 14:30:31', '2018-04-30 08:01:02'),
(41, '3.87', 41, '', 18, '2018-04-30 14:30:31', '2018-04-30 08:01:55'),
(42, '3.95', 42, '', 18, '2018-04-30 14:30:31', '2018-04-30 08:02:43');

-- --------------------------------------------------------

--
-- Table structure for table `periode`
--

CREATE TABLE `periode` (
  `id_periode` int(11) NOT NULL,
  `semester` varchar(10) NOT NULL,
  `tahun_ajaran` varchar(20) NOT NULL,
  `status_periode` tinyint(4) NOT NULL,
  `tgl_awal_regis_ta` date DEFAULT NULL,
  `tgl_akhir_regis_ta` date DEFAULT NULL,
  `tgl_awal_regis_yudisium` date DEFAULT NULL,
  `tgl_akhir_regis_yudisium` date DEFAULT NULL,
  `createdDtm` datetime NOT NULL DEFAULT CURRENT_TIMESTAMP,
  `updatedDtm` timestamp NOT NULL DEFAULT '0000-00-00 00:00:00' ON UPDATE CURRENT_TIMESTAMP
) ENGINE=InnoDB DEFAULT CHARSET=latin1;

--
-- Dumping data for table `periode`
--

INSERT INTO `periode` (`id_periode`, `semester`, `tahun_ajaran`, `status_periode`, `tgl_awal_regis_ta`, `tgl_akhir_regis_ta`, `tgl_awal_regis_yudisium`, `tgl_akhir_regis_yudisium`, `createdDtm`, `updatedDtm`) VALUES
(52, 'genap', '2017/2018', 0, '2018-04-03', '2018-08-24', '2018-04-18', '2018-05-03', '2018-04-12 16:08:11', '2018-04-19 12:45:56'),
(53, 'ganjil', '2018/2019', 0, '2018-04-19', '2018-04-25', '2018-04-21', '2018-04-30', '2018-04-19 19:45:56', '2018-04-19 12:46:38'),
(54, 'genap', '2018/2019', 0, '2018-04-19', '2018-04-30', '2018-04-19', '2018-04-23', '2018-04-19 19:46:38', '2018-04-19 12:46:56'),
(55, 'ganjil', '2019/2020', 0, '2018-04-26', '2018-05-03', '2018-04-20', '2018-05-25', '2018-04-19 19:46:56', '2018-04-24 14:30:03'),
(56, 'genap', '2019/2020', 1, '2018-05-02', '2018-05-10', '2018-04-26', '2018-04-27', '2018-04-24 21:30:03', '2018-04-30 07:27:11');

-- --------------------------------------------------------

--
-- Table structure for table `proyek`
--

CREATE TABLE `proyek` (
  `id_proyek` int(11) NOT NULL,
  `nama` varchar(255) NOT NULL,
  `id_dosen` int(11) NOT NULL,
  `klien` varchar(255) DEFAULT NULL,
  `status` enum('disetujui','pending','ditolak') NOT NULL DEFAULT 'pending',
  `isDeleted` tinyint(4) NOT NULL DEFAULT '0',
  `createdDtm` datetime NOT NULL DEFAULT CURRENT_TIMESTAMP,
  `updatedDtm` timestamp NOT NULL DEFAULT '0000-00-00 00:00:00' ON UPDATE CURRENT_TIMESTAMP
) ENGINE=InnoDB DEFAULT CHARSET=latin1;

--
-- Dumping data for table `proyek`
--

INSERT INTO `proyek` (`id_proyek`, `nama`, `id_dosen`, `klien`, `status`, `isDeleted`, `createdDtm`, `updatedDtm`) VALUES
(11, 'Sistem Informasi Tambang', 11, 'Pt. Tambang', 'disetujui', 0, '2018-04-10 19:53:26', '2018-04-10 13:00:17'),
(12, 'Sistem Informasi Perpustakaan', 11, 'PT. Perpus', 'disetujui', 0, '2018-04-10 19:58:41', '2018-04-11 04:21:38'),
(13, 'Sistem Informasi Kantin SV', 12, 'Sekolah Vokasi', 'disetujui', 0, '2018-04-10 20:03:34', '2018-04-12 04:08:44'),
(20, 'aa', 12, 'aa', 'pending', 1, '2018-04-12 11:08:56', '2018-04-12 04:09:03'),
(21, 'Sistem Informasi Perkuliahan', 12, 'Sekolah Vokasi', 'disetujui', 0, '2018-04-19 19:18:51', '2018-04-19 12:22:33'),
(22, 'Sistem Informasi Pelabuhan', 27, 'Pelabuhan', 'disetujui', 0, '2018-04-19 19:19:20', '2018-04-19 12:22:33'),
(23, 'Sistem Informasi Ketahanan', 29, 'Ketahanan', 'disetujui', 0, '2018-04-19 19:22:30', '2018-04-19 12:22:33'),
(24, 'Sistem Pelacak Kucing', 11, 'RS Hewan', 'disetujui', 0, '2018-04-19 19:26:19', '2018-04-22 11:32:29'),
(25, 'Sistem Informasi Akademik SMP', 11, 'SMPN 97', 'disetujui', 0, '2018-04-19 19:26:51', '2018-04-19 12:29:47'),
(26, 'Android Presensi Mahasiswa', 11, 'Creacle', 'disetujui', 0, '2018-04-19 19:27:37', '2018-04-19 12:29:44'),
(27, 'Sistem Informasi Komputer', 11, 'Komputer Juara', 'disetujui', 0, '2018-04-19 19:28:29', '2018-04-19 12:29:53'),
(28, 'Sistem Informasi Penjualan Penyu', 11, 'Copassin', 'disetujui', 0, '2018-04-19 19:29:40', '2018-04-19 12:29:50'),
(29, 'Sistem Informasi Kontrakan', 12, 'Kontrakan', 'disetujui', 0, '2018-04-24 16:50:12', '2018-04-24 10:05:44'),
(30, 'Sistem Informasi SMP 7', 27, 'SMP 7', 'disetujui', 0, '2018-04-25 13:07:46', '2018-04-25 06:07:48');

-- --------------------------------------------------------

--
-- Table structure for table `revisi_sidang`
--

CREATE TABLE `revisi_sidang` (
  `id_revisi_sidang` int(11) NOT NULL,
  `id_anggota_sidang` int(11) NOT NULL,
  `path` varchar(128) NOT NULL
) ENGINE=InnoDB DEFAULT CHARSET=latin1;

--
-- Dumping data for table `revisi_sidang`
--

INSERT INTO `revisi_sidang` (`id_revisi_sidang`, `id_anggota_sidang`, `path`) VALUES
(1, 20, 'revisi-1524139890.pdf');

-- --------------------------------------------------------

--
-- Table structure for table `sidang`
--

CREATE TABLE `sidang` (
  `id_sidang` int(11) NOT NULL,
  `id_mahasiswa` int(11) NOT NULL,
  `id_periode` int(11) NOT NULL,
  `nilai_akhir_sidang` decimal(10,2) NOT NULL DEFAULT '0.00',
  `status` enum('disetujui','pending','lulus','lulus_revisi','mengulang') NOT NULL DEFAULT 'pending',
  `createdDtm` datetime NOT NULL DEFAULT CURRENT_TIMESTAMP,
  `updatedDtm` timestamp NOT NULL DEFAULT '0000-00-00 00:00:00' ON UPDATE CURRENT_TIMESTAMP
) ENGINE=InnoDB DEFAULT CHARSET=latin1;

--
-- Dumping data for table `sidang`
--

INSERT INTO `sidang` (`id_sidang`, `id_mahasiswa`, `id_periode`, `nilai_akhir_sidang`, `status`, `createdDtm`, `updatedDtm`) VALUES
(10, 15, 52, '3.96', 'lulus', '2018-04-19 18:43:53', '2018-04-22 08:15:56'),
(11, 35, 54, '3.99', 'lulus', '2018-04-19 19:06:25', '2018-04-22 08:20:32'),
(12, 27, 53, '3.79', 'lulus', '2018-04-19 19:34:45', '2018-04-22 08:20:36'),
(13, 26, 55, '3.72', 'lulus', '2018-04-19 19:40:20', '2018-04-22 08:20:39'),
(14, 16, 56, '3.87', 'lulus', '2018-04-23 12:24:14', '2018-04-30 07:39:44'),
(15, 38, 56, '3.49', 'lulus', '2018-04-26 17:38:31', '2018-04-26 11:13:07'),
(16, 32, 54, '3.61', 'lulus', '2018-04-26 18:16:14', '2018-04-30 07:25:51'),
(17, 42, 56, '3.21', 'lulus', '2018-04-27 11:07:51', '2018-04-27 04:13:35'),
(18, 41, 56, '3.91', 'lulus', '2018-04-30 14:30:01', '2018-04-30 08:03:00');

-- --------------------------------------------------------

--
-- Table structure for table `tugas_akhir`
--

CREATE TABLE `tugas_akhir` (
  `id_ta` int(11) NOT NULL,
  `id_mahasiswa` int(11) NOT NULL,
  `status_pengambilan` enum('proses','terplotting') NOT NULL DEFAULT 'proses',
  `id_periode` int(11) NOT NULL,
  `createdDtm` datetime NOT NULL DEFAULT CURRENT_TIMESTAMP,
  `updatedDtm` timestamp NOT NULL DEFAULT '0000-00-00 00:00:00' ON UPDATE CURRENT_TIMESTAMP
) ENGINE=InnoDB DEFAULT CHARSET=latin1;

--
-- Dumping data for table `tugas_akhir`
--

INSERT INTO `tugas_akhir` (`id_ta`, `id_mahasiswa`, `status_pengambilan`, `id_periode`, `createdDtm`, `updatedDtm`) VALUES
(12, 15, 'terplotting', 52, '2018-04-19 18:40:55', '2018-04-19 11:43:35'),
(13, 35, 'terplotting', 52, '2018-04-19 19:05:34', '2018-04-19 12:05:55'),
(14, 27, 'terplotting', 52, '2018-04-19 19:34:18', '2018-04-19 12:34:34'),
(15, 26, 'terplotting', 52, '2018-04-19 19:39:46', '2018-04-19 12:40:12'),
(16, 28, 'proses', 55, '2018-04-22 18:36:49', '0000-00-00 00:00:00'),
(17, 29, 'terplotting', 55, '2018-04-22 18:37:57', '2018-04-30 07:37:37'),
(18, 32, 'terplotting', 55, '2018-04-22 18:39:01', '2018-04-26 11:15:29'),
(19, 16, 'terplotting', 55, '2018-04-22 18:40:01', '2018-04-23 05:22:58'),
(20, 37, 'terplotting', 55, '2018-04-24 21:25:17', '2018-04-24 14:28:28'),
(29, 38, 'terplotting', 56, '2018-04-26 16:36:17', '2018-04-26 10:36:11'),
(30, 42, 'terplotting', 56, '2018-04-27 10:56:27', '2018-04-27 04:06:52'),
(33, 41, 'terplotting', 56, '2018-04-30 14:24:25', '2018-04-30 07:27:51');

-- --------------------------------------------------------

--
-- Table structure for table `user`
--

CREATE TABLE `user` (
  `id_user` int(11) NOT NULL,
  `id_user_role` tinyint(4) NOT NULL,
  `username` varchar(255) NOT NULL,
  `password` varchar(255) NOT NULL,
  `nama` varchar(255) NOT NULL,
  `isDeleted` tinyint(4) NOT NULL DEFAULT '0',
  `createdDtm` datetime NOT NULL DEFAULT CURRENT_TIMESTAMP,
  `updatedDtm` timestamp NOT NULL DEFAULT '0000-00-00 00:00:00' ON UPDATE CURRENT_TIMESTAMP
) ENGINE=InnoDB DEFAULT CHARSET=latin1;

--
-- Dumping data for table `user`
--

INSERT INTO `user` (`id_user`, `id_user_role`, `username`, `password`, `nama`, `isDeleted`, `createdDtm`, `updatedDtm`) VALUES
(1, 2, 'akademik', '$2y$10$rOQbAZHEZwBGvfD9enKOBublQcW3vrhFvgNqzwVHr9Dda/dZGKIKi', 'Ningrum', 0, '2018-03-27 11:40:54', '2018-04-11 07:44:29'),
(3, 3, 'dosen', '$2y$10$DLXhufC39c0.lclIOn3gxugAhgjLe4qi9poHDPsDBqczSXXA9NV6C', 'Imam', 0, '2018-04-10 19:39:28', '2018-04-11 05:45:36'),
(4, 1, 'kaprodi', '$2y$10$UE8YFZAT6NyAoymd0DUxyeVfN3msCuyditd3tPd77i.EAbdu0HRGu', 'Muh. Fahrurifqi', 0, '2018-04-10 19:40:07', '2018-04-11 09:10:30'),
(12, 2, 'anang', '$2y$10$lphIgpo/qOuhZCMBDAl0kO9.fqXLa8bgBCy3347vopxwsijKYoDBq', 'Anang', 0, '2018-04-11 11:35:54', '2018-04-11 07:20:44'),
(22, 2, 'asisten', '$2y$10$POog3Dowa/Wh7n.I4KXKMeQXTeB8rsl39gnxas4A/Wqb8EuozTaxy', 'Asisten', 0, '2018-04-11 14:45:02', '0000-00-00 00:00:00'),
(24, 4, 'havil', '$2y$10$fQxlbjHnUzYO2FMJXjCcfeE8ZgyJyDKO01i5KO9x.VZv4WaWrpDa.', 'Havil Wintas Ernanda', 0, '2018-04-12 11:39:35', '2018-04-18 08:50:34'),
(25, 4, 'peni', '$2y$10$NouSwRt2g3mlqm8tfYq.dOhT9WTrvx.qNXDqFUlewa4UMl5iG91bG', 'Peni Kurniawati', 0, '2018-04-12 12:18:11', '0000-00-00 00:00:00'),
(26, 4, 'nadya', '$2y$10$OLsEM0w.8iFA3BDV9E6ECeWhCuYoGBDKrGL3iDDoAwAvv/HkpVShe', 'Nadya Prabaningrum', 0, '2018-04-12 12:18:35', '0000-00-00 00:00:00'),
(35, 3, '11234345234', '$2y$10$qqlu389zjvKsLZnXZ00cKeHvIr4tgtLZWX8rosqmKDp3Lynvu5xtO', 'Hanung', 0, '2018-04-17 17:16:22', '2018-04-18 08:45:40'),
(36, 3, '11183341444', '$2y$10$GE7L3D3Fj4KfKTb.XeQ3p.0fE6F0g3Km2GFB7.I3e5yoi7zs/bJ9O', 'Bramantyo', 0, '2018-04-17 17:16:22', '0000-00-00 00:00:00'),
(37, 3, '13211323124', '$2y$10$/5V1iQbyu7/h2G9UKM8u0OAF9RMaUBRp1DjE20ADX5RnZh6/745rK', 'Coky', 0, '2018-04-17 17:16:22', '0000-00-00 00:00:00'),
(38, 3, '19231234325', '$2y$10$LNtxjOwVASv1BQrcx0O2ZupcsfK4Twdez2B.NSM1Dy/zxgUvpPFAW', 'Galuh', 0, '2018-04-17 17:16:22', '0000-00-00 00:00:00'),
(43, 4, '386439', '$2y$10$Lq3s.oL4WcQ6ONgVhjvgje3F0/d/Ibw6ozNp1XPD6HCWve/AOjk4e', 'Sasmito Adi', 0, '2018-04-17 17:27:23', '0000-00-00 00:00:00'),
(44, 4, '387498', '$2y$10$/0Ed/vhALyDkbelcasbKQOe7rb.h025Q3YihWtBbC0k3jgPAYb/1.', 'Afif Imaduddin', 0, '2018-04-17 17:27:23', '0000-00-00 00:00:00'),
(45, 4, '374910', '$2y$10$BGalMzgeG84.MmTd2wjuzOx25iM39SH2vPT22pPTg9HS6fXZDvwu6', 'Odiaz Bumma', 0, '2018-04-17 17:27:23', '0000-00-00 00:00:00'),
(46, 4, '385919', '$2y$10$w0Xo1O9OCWK1WWprpOTkp.CzbD63tPzyol865IAF.bPhvr.uPmziW', 'Dandy Ari', 0, '2018-04-17 17:27:23', '0000-00-00 00:00:00'),
(49, 4, '384372', '$2y$10$gHMWNCoVCIVf0UfG./M8jePDgz5Zx8076260LVzR5Ea14rrMREd5S', 'Daniel', 0, '2018-04-18 14:10:34', '2018-04-22 11:38:28'),
(50, 4, '331233', '$2y$10$hYsGCiIaBbME3P6F7PJ85.Wucp24qoZjaVPboYbpmjiV3I9Pga2dC', 'Aji', 0, '2018-04-18 18:21:24', '0000-00-00 00:00:00'),
(51, 4, '331243', '$2y$10$CVyXfT4fwD5NNHQwTevfDeWvqWuSASI5CaLnAT0dxgnQ9Y6HGhEyy', 'Prasetyo', 0, '2018-04-18 18:28:04', '0000-00-00 00:00:00'),
(52, 4, '380436', '$2y$10$0TbXAxls8XE90XWzFEAlNeKpnBXKG5VgD4oEQ7KnniCvFIwkbWes2', 'Mardiana Dwi M', 0, '2018-04-19 19:02:18', '0000-00-00 00:00:00'),
(54, 4, '383838', '$2y$10$JHby8OP8WGkbLit1pFjtDeTYzSZPHsGogH94RAEXLUIBjI.hddqUm', 'Gery Coklat', 0, '2018-04-24 21:21:40', '0000-00-00 00:00:00'),
(55, 4, 'tonik', '$2y$10$Vlu1cQMgb5yJGOohRfgDluB5NhUFI1ITpG2iJRcyhn81fyxmJPzUa', 'Toni', 0, '2018-04-25 09:43:40', '0000-00-00 00:00:00'),
(56, 4, 'alviska', '$2y$10$wHFcER88xDr/8ldMt5f4Ku6zWGeFBEMjU1m0NhhO/wMxCZvPsRBDa', 'Alviska Galuh N', 0, '2018-04-26 14:54:31', '0000-00-00 00:00:00'),
(57, 4, '398323', '$2y$10$B2iKTp/CN24.cp4RqH10Pu80nmLMygd/lETWm7x7su.tdJtVQMi32', 'Jamaludin', 0, '2018-04-26 18:41:35', '0000-00-00 00:00:00'),
(58, 4, '398623', '$2y$10$8L2c.7fVYyltMcYVATUB3uWgFb5xjd0DmBcpKERXMALLDbcZWhPoa', 'Suparman', 0, '2018-04-26 18:41:35', '0000-00-00 00:00:00'),
(59, 4, '398393', '$2y$10$UMW28VnhPOfJQFPqC3sI9.zuTQmH0M4m384AOCDcY0bnb1AUhRxem', 'Yaman', 0, '2018-04-26 18:41:35', '0000-00-00 00:00:00'),
(60, 4, '398723', '$2y$10$n95YQSduX/H.ROtgKqonReXndfycUZ9JIrJk5Sybo3r9UZZFNVM.e', 'Jacky', 0, '2018-04-26 18:41:35', '0000-00-00 00:00:00');

-- --------------------------------------------------------

--
-- Table structure for table `user_role`
--

CREATE TABLE `user_role` (
  `id_user_role` tinyint(4) NOT NULL,
  `role` varchar(128) NOT NULL,
  `createdDtm` datetime NOT NULL DEFAULT CURRENT_TIMESTAMP,
  `updatedDtm` timestamp NOT NULL DEFAULT '0000-00-00 00:00:00' ON UPDATE CURRENT_TIMESTAMP
) ENGINE=InnoDB DEFAULT CHARSET=latin1;

--
-- Dumping data for table `user_role`
--

INSERT INTO `user_role` (`id_user_role`, `role`, `createdDtm`, `updatedDtm`) VALUES
(1, 'Kaprodi', '2018-03-05 09:59:03', '2018-03-13 01:22:54'),
(2, 'Akademik', '2018-03-05 09:59:58', '2018-03-13 01:22:51'),
(3, 'Dosen', '2018-03-05 10:00:33', '2018-03-13 01:23:16'),
(4, 'Mahasiswa', '2018-03-13 08:23:26', '0000-00-00 00:00:00');

-- --------------------------------------------------------

--
-- Table structure for table `usulan`
--

CREATE TABLE `usulan` (
  `id_usulan` int(11) NOT NULL,
  `id_pengajuan_ta` int(11) NOT NULL,
  `judul` varchar(255) NOT NULL,
  `deskripsi` text NOT NULL,
  `bisnis_rule` text NOT NULL,
  `file_persetujuan` varchar(128) DEFAULT NULL,
  `id_dosen` int(11) DEFAULT NULL,
  `createdDtm` datetime NOT NULL DEFAULT CURRENT_TIMESTAMP,
  `updatedDtm` timestamp NOT NULL DEFAULT '0000-00-00 00:00:00' ON UPDATE CURRENT_TIMESTAMP
) ENGINE=InnoDB DEFAULT CHARSET=latin1;

--
-- Dumping data for table `usulan`
--

INSERT INTO `usulan` (`id_usulan`, `id_pengajuan_ta`, `judul`, `deskripsi`, `bisnis_rule`, `file_persetujuan`, `id_dosen`, `createdDtm`, `updatedDtm`) VALUES
(20, 53, 'Sistem Informasi Pemantauan Laborat', 'Lorem ipsum dolor sit amet, consectetur adipiscing elit, sed do eiusmod tempor incididunt ut labore et dolore magna aliqua. Ut enim ad minim veniam, quis nostrud exercitation ullamco laboris nisi ut aliquip ex ea commodo consequat. Duis aute irure dolor in reprehenderit in voluptate velit esse cillum dolore eu fugiat nulla pariatur. Excepteur sint occaecat cupidatat non proident, sunt in culpa qui officia deserunt mollit anim id est laborum.', 'Lorem ipsum dolor sit amet, consectetur adipiscing elit, sed do eiusmod tempor incididunt ut labore et dolore magna aliqua. Ut enim ad minim veniam, quis nostrud exercitation ullamco laboris nisi ut aliquip ex ea commodo consequat. Duis aute irure dolor in reprehenderit in voluptate velit esse cillum dolore eu fugiat nulla pariatur. Excepteur sint occaecat cupidatat non proident, sunt in culpa qui officia deserunt mollit anim id est laborum.', 'persetujuan-1524736931.pdf', 28, '2018-04-26 16:36:17', '2018-04-26 10:36:11'),
(26, 63, 'Sistem Informasi Perbankan', 'Vivamus suscipit tortor eget felis porttitor volutpat. Curabitur non nulla sit amet nisl tempus convallis quis ac lectus. Vivamus magna justo, lacinia eget consectetur sed, convallis at tellus. Mauris blandit aliquet elit, eget tincidunt nibh pulvinar a. Mauris blandit aliquet elit, eget tincidunt nibh pulvinar a. Vivamus magna justo, lacinia eget consectetur sed, convallis at tellus. Donec sollicitudin molestie malesuada. Sed porttitor lectus nibh. Vestibulum ante ipsum primis in faucibus orci luctus et ultrices posuere cubilia Curae; Donec velit neque, auctor sit amet aliquam vel, ullamcorper sit amet ligula. Vivamus suscipit tortor eget felis porttitor volutpat.', 'Vivamus suscipit tortor eget felis porttitor volutpat. Curabitur non nulla sit amet nisl tempus convallis quis ac lectus. Vivamus magna justo, lacinia eget consectetur sed, convallis at tellus. Mauris blandit aliquet elit, eget tincidunt nibh pulvinar a. Mauris blandit aliquet elit, eget tincidunt nibh pulvinar a. Vivamus magna justo, lacinia eget consectetur sed, convallis at tellus. Donec sollicitudin molestie malesuada. Sed porttitor lectus nibh. Vestibulum ante ipsum primis in faucibus orci luctus et ultrices posuere cubilia Curae; Donec velit neque, auctor sit amet aliquam vel, ullamcorper sit amet ligula. Vivamus suscipit tortor eget felis porttitor volutpat.', 'persetujuan-1525073065.pdf', 27, '2018-04-30 14:24:25', '2018-04-30 07:27:51');

-- --------------------------------------------------------

--
-- Table structure for table `validasi_berkas_sidang`
--

CREATE TABLE `validasi_berkas_sidang` (
  `id_valid_sidang` int(11) NOT NULL,
  `id_sidang` int(11) NOT NULL,
  `id_berkas_sidang` int(11) NOT NULL,
  `path` varchar(255) NOT NULL,
  `isValid` tinyint(4) NOT NULL DEFAULT '0',
  `createdDtm` datetime NOT NULL DEFAULT CURRENT_TIMESTAMP,
  `updatedDtm` timestamp NOT NULL DEFAULT '0000-00-00 00:00:00' ON UPDATE CURRENT_TIMESTAMP
) ENGINE=InnoDB DEFAULT CHARSET=latin1;

--
-- Dumping data for table `validasi_berkas_sidang`
--

INSERT INTO `validasi_berkas_sidang` (`id_valid_sidang`, `id_sidang`, `id_berkas_sidang`, `path`, `isValid`, `createdDtm`, `updatedDtm`) VALUES
(91, 10, 1, '', 0, '2018-04-19 18:43:53', '0000-00-00 00:00:00'),
(92, 10, 2, '', 0, '2018-04-19 18:43:53', '0000-00-00 00:00:00'),
(93, 10, 3, '', 0, '2018-04-19 18:43:53', '0000-00-00 00:00:00'),
(94, 10, 4, '', 0, '2018-04-19 18:43:53', '0000-00-00 00:00:00'),
(95, 10, 5, '', 0, '2018-04-19 18:43:53', '0000-00-00 00:00:00'),
(96, 10, 6, '', 0, '2018-04-19 18:43:53', '0000-00-00 00:00:00'),
(97, 10, 7, '', 0, '2018-04-19 18:43:53', '0000-00-00 00:00:00'),
(98, 10, 8, '', 0, '2018-04-19 18:43:53', '0000-00-00 00:00:00'),
(99, 10, 9, '', 0, '2018-04-19 18:43:53', '0000-00-00 00:00:00'),
(100, 10, 10, '', 0, '2018-04-19 18:43:53', '0000-00-00 00:00:00'),
(101, 11, 1, '', 0, '2018-04-19 19:06:25', '0000-00-00 00:00:00'),
(102, 11, 2, '', 0, '2018-04-19 19:06:25', '0000-00-00 00:00:00'),
(103, 11, 3, '', 0, '2018-04-19 19:06:25', '0000-00-00 00:00:00'),
(104, 11, 4, '', 0, '2018-04-19 19:06:25', '0000-00-00 00:00:00'),
(105, 11, 5, '', 0, '2018-04-19 19:06:25', '0000-00-00 00:00:00'),
(106, 11, 6, 'sidang-6-1524139698.pdf', 2, '2018-04-19 19:06:25', '2018-04-19 12:08:25'),
(107, 11, 7, '', 0, '2018-04-19 19:06:25', '0000-00-00 00:00:00'),
(108, 11, 8, '', 0, '2018-04-19 19:06:25', '0000-00-00 00:00:00'),
(109, 11, 9, '', 0, '2018-04-19 19:06:25', '0000-00-00 00:00:00'),
(110, 11, 10, '', 0, '2018-04-19 19:06:25', '0000-00-00 00:00:00'),
(111, 12, 1, 'sidang-1-1524749497.pdf', 1, '2018-04-19 19:34:45', '2018-04-26 13:31:38'),
(112, 12, 2, '', 0, '2018-04-19 19:34:46', '0000-00-00 00:00:00'),
(113, 12, 3, '', 0, '2018-04-19 19:34:46', '0000-00-00 00:00:00'),
(114, 12, 4, '', 0, '2018-04-19 19:34:46', '0000-00-00 00:00:00'),
(115, 12, 5, '', 0, '2018-04-19 19:34:46', '0000-00-00 00:00:00'),
(116, 12, 6, '', 0, '2018-04-19 19:34:46', '0000-00-00 00:00:00'),
(117, 12, 7, '', 0, '2018-04-19 19:34:46', '0000-00-00 00:00:00'),
(118, 12, 8, '', 0, '2018-04-19 19:34:46', '0000-00-00 00:00:00'),
(119, 12, 9, '', 0, '2018-04-19 19:34:46', '0000-00-00 00:00:00'),
(120, 12, 10, '', 0, '2018-04-19 19:34:46', '0000-00-00 00:00:00'),
(121, 13, 1, '', 0, '2018-04-19 19:40:20', '0000-00-00 00:00:00'),
(122, 13, 2, '', 0, '2018-04-19 19:40:20', '0000-00-00 00:00:00'),
(123, 13, 3, '', 0, '2018-04-19 19:40:20', '0000-00-00 00:00:00'),
(124, 13, 4, '', 0, '2018-04-19 19:40:20', '0000-00-00 00:00:00'),
(125, 13, 5, '', 0, '2018-04-19 19:40:20', '0000-00-00 00:00:00'),
(126, 13, 6, '', 0, '2018-04-19 19:40:20', '0000-00-00 00:00:00'),
(127, 13, 7, '', 0, '2018-04-19 19:40:20', '0000-00-00 00:00:00'),
(128, 13, 8, '', 0, '2018-04-19 19:40:20', '0000-00-00 00:00:00'),
(129, 13, 9, '', 0, '2018-04-19 19:40:20', '0000-00-00 00:00:00'),
(130, 13, 10, '', 0, '2018-04-19 19:40:20', '0000-00-00 00:00:00'),
(131, 14, 1, '', 0, '2018-04-23 12:24:14', '0000-00-00 00:00:00'),
(132, 14, 2, '', 0, '2018-04-23 12:24:14', '0000-00-00 00:00:00'),
(133, 14, 3, '', 0, '2018-04-23 12:24:15', '0000-00-00 00:00:00'),
(134, 14, 4, '', 0, '2018-04-23 12:24:15', '0000-00-00 00:00:00'),
(135, 14, 5, '', 0, '2018-04-23 12:24:15', '0000-00-00 00:00:00'),
(136, 14, 6, '', 0, '2018-04-23 12:24:15', '0000-00-00 00:00:00'),
(137, 14, 7, '', 0, '2018-04-23 12:24:15', '0000-00-00 00:00:00'),
(138, 14, 8, '', 0, '2018-04-23 12:24:15', '0000-00-00 00:00:00'),
(139, 14, 9, '', 0, '2018-04-23 12:24:15', '0000-00-00 00:00:00'),
(140, 14, 10, '', 0, '2018-04-23 12:24:15', '0000-00-00 00:00:00'),
(141, 15, 1, 'sidang-1-1524739156.pdf', 2, '2018-04-26 17:38:32', '2018-04-26 10:40:18'),
(142, 15, 2, 'sidang-2-1524739162.pdf', 2, '2018-04-26 17:38:32', '2018-04-26 10:40:20'),
(143, 15, 3, 'sidang-3-1524739172.pdf', 2, '2018-04-26 17:38:32', '2018-04-26 10:40:21'),
(144, 15, 4, 'sidang-4-1524739177.pdf', 2, '2018-04-26 17:38:32', '2018-04-26 10:40:25'),
(145, 15, 5, 'sidang-5-1524739182.pdf', 2, '2018-04-26 17:38:32', '2018-04-26 10:40:26'),
(146, 15, 6, 'sidang-6-1524739188.pdf', 2, '2018-04-26 17:38:32', '2018-04-26 10:40:28'),
(147, 15, 7, 'sidang-7-1524739194.pdf', 2, '2018-04-26 17:38:32', '2018-04-26 10:40:29'),
(148, 15, 8, 'sidang-8-1524739198.pdf', 2, '2018-04-26 17:38:32', '2018-04-26 10:40:30'),
(149, 15, 9, 'sidang-9-1524739203.pdf', 2, '2018-04-26 17:38:32', '2018-04-26 10:40:32'),
(150, 15, 10, 'sidang-10-1524739209.pdf', 2, '2018-04-26 17:38:32', '2018-04-26 10:40:33'),
(151, 16, 1, '', 0, '2018-04-26 18:16:14', '0000-00-00 00:00:00'),
(152, 16, 2, '', 0, '2018-04-26 18:16:14', '0000-00-00 00:00:00'),
(153, 16, 3, '', 0, '2018-04-26 18:16:14', '0000-00-00 00:00:00'),
(154, 16, 4, '', 0, '2018-04-26 18:16:14', '0000-00-00 00:00:00'),
(155, 16, 5, '', 0, '2018-04-26 18:16:15', '0000-00-00 00:00:00'),
(156, 16, 6, '', 0, '2018-04-26 18:16:15', '0000-00-00 00:00:00'),
(157, 16, 7, '', 0, '2018-04-26 18:16:15', '0000-00-00 00:00:00'),
(158, 16, 8, '', 0, '2018-04-26 18:16:15', '0000-00-00 00:00:00'),
(159, 16, 9, '', 0, '2018-04-26 18:16:15', '0000-00-00 00:00:00'),
(160, 16, 10, '', 0, '2018-04-26 18:16:15', '0000-00-00 00:00:00'),
(161, 17, 1, 'sidang-1-1524802084.pdf', 2, '2018-04-27 11:07:51', '2018-04-27 04:08:55'),
(162, 17, 2, '', 0, '2018-04-27 11:07:51', '0000-00-00 00:00:00'),
(163, 17, 3, '', 0, '2018-04-27 11:07:51', '0000-00-00 00:00:00'),
(164, 17, 4, '', 0, '2018-04-27 11:07:51', '0000-00-00 00:00:00'),
(165, 17, 5, '', 0, '2018-04-27 11:07:51', '0000-00-00 00:00:00'),
(166, 17, 6, '', 0, '2018-04-27 11:07:51', '0000-00-00 00:00:00'),
(167, 17, 7, '', 0, '2018-04-27 11:07:52', '0000-00-00 00:00:00'),
(168, 17, 8, '', 0, '2018-04-27 11:07:52', '0000-00-00 00:00:00'),
(169, 17, 9, '', 0, '2018-04-27 11:07:52', '0000-00-00 00:00:00'),
(170, 17, 10, '', 0, '2018-04-27 11:07:52', '0000-00-00 00:00:00'),
(171, 18, 1, 'sidang-1-1525075181.pdf', 2, '2018-04-30 14:30:01', '2018-04-30 08:00:13'),
(172, 18, 2, '', 0, '2018-04-30 14:30:02', '0000-00-00 00:00:00'),
(173, 18, 3, '', 0, '2018-04-30 14:30:02', '0000-00-00 00:00:00'),
(174, 18, 4, '', 0, '2018-04-30 14:30:02', '0000-00-00 00:00:00'),
(175, 18, 5, '', 0, '2018-04-30 14:30:02', '0000-00-00 00:00:00'),
(176, 18, 6, '', 0, '2018-04-30 14:30:02', '0000-00-00 00:00:00'),
(177, 18, 7, '', 0, '2018-04-30 14:30:02', '0000-00-00 00:00:00'),
(178, 18, 8, '', 0, '2018-04-30 14:30:02', '0000-00-00 00:00:00'),
(179, 18, 9, '', 0, '2018-04-30 14:30:02', '0000-00-00 00:00:00'),
(180, 18, 10, '', 0, '2018-04-30 14:30:02', '0000-00-00 00:00:00');

-- --------------------------------------------------------

--
-- Table structure for table `validasi_berkas_yudisium`
--

CREATE TABLE `validasi_berkas_yudisium` (
  `id_valid_yudisium` int(11) NOT NULL,
  `id_yudisium` int(11) NOT NULL,
  `id_berkas_yudisium` int(11) NOT NULL,
  `path` varchar(255) NOT NULL,
  `isValid` tinyint(4) NOT NULL DEFAULT '0',
  `createdDtm` datetime NOT NULL DEFAULT CURRENT_TIMESTAMP,
  `updatedDtm` timestamp NOT NULL DEFAULT '0000-00-00 00:00:00' ON UPDATE CURRENT_TIMESTAMP
) ENGINE=InnoDB DEFAULT CHARSET=latin1;

--
-- Dumping data for table `validasi_berkas_yudisium`
--

INSERT INTO `validasi_berkas_yudisium` (`id_valid_yudisium`, `id_yudisium`, `id_berkas_yudisium`, `path`, `isValid`, `createdDtm`, `updatedDtm`) VALUES
(1, 1, 1, '', 0, '2018-04-19 19:00:04', '0000-00-00 00:00:00'),
(2, 1, 2, '', 0, '2018-04-19 19:00:04', '0000-00-00 00:00:00'),
(3, 1, 3, '', 0, '2018-04-19 19:00:04', '0000-00-00 00:00:00'),
(4, 1, 4, '', 0, '2018-04-19 19:00:05', '0000-00-00 00:00:00'),
(5, 1, 5, '', 0, '2018-04-19 19:00:05', '0000-00-00 00:00:00'),
(6, 1, 6, '', 0, '2018-04-19 19:00:05', '0000-00-00 00:00:00'),
(7, 1, 7, '', 0, '2018-04-19 19:00:05', '0000-00-00 00:00:00'),
(8, 2, 1, 'sidang-1-1524140035.pdf', 2, '2018-04-19 19:13:31', '2018-04-19 12:14:20'),
(9, 2, 2, '', 0, '2018-04-19 19:13:32', '0000-00-00 00:00:00'),
(10, 2, 3, '', 0, '2018-04-19 19:13:32', '0000-00-00 00:00:00'),
(11, 2, 4, '', 0, '2018-04-19 19:13:32', '0000-00-00 00:00:00'),
(12, 2, 5, '', 0, '2018-04-19 19:13:32', '0000-00-00 00:00:00'),
(13, 2, 6, '', 0, '2018-04-19 19:13:32', '0000-00-00 00:00:00'),
(14, 2, 7, '', 0, '2018-04-19 19:13:32', '0000-00-00 00:00:00'),
(15, 3, 1, 'yudisium-1-1524802825.pdf', 2, '2018-04-27 11:13:58', '2018-04-27 04:26:49'),
(16, 3, 2, '', 0, '2018-04-27 11:13:58', '0000-00-00 00:00:00'),
(17, 3, 3, '', 0, '2018-04-27 11:13:58', '0000-00-00 00:00:00'),
(18, 3, 4, '', 0, '2018-04-27 11:13:58', '0000-00-00 00:00:00'),
(19, 3, 5, '', 0, '2018-04-27 11:13:59', '0000-00-00 00:00:00'),
(20, 3, 6, '', 0, '2018-04-27 11:13:59', '0000-00-00 00:00:00'),
(21, 3, 7, '', 0, '2018-04-27 11:13:59', '0000-00-00 00:00:00');

-- --------------------------------------------------------

--
-- Table structure for table `yudisium`
--

CREATE TABLE `yudisium` (
  `id_yudisium` int(11) NOT NULL,
  `id_mahasiswa` int(11) NOT NULL,
  `id_periode` int(11) NOT NULL,
  `status` enum('disetujui','pending') NOT NULL DEFAULT 'pending',
  `createdDtm` datetime NOT NULL DEFAULT CURRENT_TIMESTAMP,
  `updatedDtm` timestamp NOT NULL DEFAULT '0000-00-00 00:00:00' ON UPDATE CURRENT_TIMESTAMP
) ENGINE=InnoDB DEFAULT CHARSET=latin1;

--
-- Dumping data for table `yudisium`
--

INSERT INTO `yudisium` (`id_yudisium`, `id_mahasiswa`, `id_periode`, `status`, `createdDtm`, `updatedDtm`) VALUES
(1, 15, 52, 'disetujui', '2018-04-19 19:00:04', '2018-04-27 04:15:39'),
(2, 35, 52, 'disetujui', '2018-04-19 19:13:31', '2018-04-27 04:15:32'),
(3, 42, 56, 'disetujui', '2018-04-27 11:13:58', '2018-04-30 08:04:29');

--
-- Indexes for dumped tables
--

--
-- Indexes for table `akademik`
--
ALTER TABLE `akademik`
  ADD PRIMARY KEY (`id_akademik`),
  ADD KEY `id_user` (`id_user`);

--
-- Indexes for table `anggota_sidang`
--
ALTER TABLE `anggota_sidang`
  ADD PRIMARY KEY (`id_anggota_sidang`),
  ADD KEY `id_sidang` (`id_sidang`),
  ADD KEY `id_dosen` (`id_dosen`);

--
-- Indexes for table `berkas_sidang`
--
ALTER TABLE `berkas_sidang`
  ADD PRIMARY KEY (`id_berkas_sidang`);

--
-- Indexes for table `berkas_yudisium`
--
ALTER TABLE `berkas_yudisium`
  ADD PRIMARY KEY (`id_berkas_yudisium`);

--
-- Indexes for table `dosbing`
--
ALTER TABLE `dosbing`
  ADD PRIMARY KEY (`id_dosbing`),
  ADD KEY `id_dosen` (`id_dosen`),
  ADD KEY `id_mahasiswa` (`id_mahasiswa`);

--
-- Indexes for table `dosen`
--
ALTER TABLE `dosen`
  ADD PRIMARY KEY (`id_dosen`),
  ADD KEY `id_user` (`id_user`);

--
-- Indexes for table `jadwal_sidang`
--
ALTER TABLE `jadwal_sidang`
  ADD PRIMARY KEY (`id_jadwal`),
  ADD KEY `id_sidang` (`id_sidang`);

--
-- Indexes for table `kaprodi`
--
ALTER TABLE `kaprodi`
  ADD PRIMARY KEY (`id_kaprodi`),
  ADD KEY `id_user` (`id_user`),
  ADD KEY `id_dosen` (`id_dosen`),
  ADD KEY `id_akademik` (`id_akademik`);

--
-- Indexes for table `komponen`
--
ALTER TABLE `komponen`
  ADD PRIMARY KEY (`id_komponen`);

--
-- Indexes for table `komponen_nilai`
--
ALTER TABLE `komponen_nilai`
  ADD PRIMARY KEY (`id_komponen_nilai`),
  ADD KEY `id_komponen` (`id_komponen`),
  ADD KEY `id_penilaian` (`id_penilaian`);

--
-- Indexes for table `log_pesan`
--
ALTER TABLE `log_pesan`
  ADD PRIMARY KEY (`id_log`);

--
-- Indexes for table `mahasiswa`
--
ALTER TABLE `mahasiswa`
  ADD PRIMARY KEY (`id_mahasiswa`),
  ADD KEY `id_user` (`id_user`);

--
-- Indexes for table `pengajuan_ta`
--
ALTER TABLE `pengajuan_ta`
  ADD PRIMARY KEY (`id_pengajuan_ta`),
  ADD KEY `id_ta` (`id_ta`),
  ADD KEY `id_proyek` (`id_proyek`);

--
-- Indexes for table `pengumuman`
--
ALTER TABLE `pengumuman`
  ADD PRIMARY KEY (`id_pengumuman`);

--
-- Indexes for table `penilaian`
--
ALTER TABLE `penilaian`
  ADD PRIMARY KEY (`id_penilaian`),
  ADD KEY `id_sidang` (`id_sidang`),
  ADD KEY `peniaian_ibfk_3` (`id_anggota_sidang`);

--
-- Indexes for table `periode`
--
ALTER TABLE `periode`
  ADD PRIMARY KEY (`id_periode`);

--
-- Indexes for table `proyek`
--
ALTER TABLE `proyek`
  ADD PRIMARY KEY (`id_proyek`),
  ADD KEY `id_dosen` (`id_dosen`);

--
-- Indexes for table `revisi_sidang`
--
ALTER TABLE `revisi_sidang`
  ADD PRIMARY KEY (`id_revisi_sidang`),
  ADD KEY `id_anggota_sidang` (`id_anggota_sidang`);

--
-- Indexes for table `sidang`
--
ALTER TABLE `sidang`
  ADD PRIMARY KEY (`id_sidang`),
  ADD KEY `id_mahasiswa` (`id_mahasiswa`),
  ADD KEY `id_periode` (`id_periode`);

--
-- Indexes for table `tugas_akhir`
--
ALTER TABLE `tugas_akhir`
  ADD PRIMARY KEY (`id_ta`),
  ADD KEY `id_mahasiswa` (`id_mahasiswa`),
  ADD KEY `id_periode` (`id_periode`);

--
-- Indexes for table `user`
--
ALTER TABLE `user`
  ADD PRIMARY KEY (`id_user`),
  ADD KEY `id_user_role` (`id_user_role`);

--
-- Indexes for table `user_role`
--
ALTER TABLE `user_role`
  ADD PRIMARY KEY (`id_user_role`);

--
-- Indexes for table `usulan`
--
ALTER TABLE `usulan`
  ADD PRIMARY KEY (`id_usulan`),
  ADD KEY `id_pengajuan_ta` (`id_pengajuan_ta`),
  ADD KEY `id_dosen` (`id_dosen`);

--
-- Indexes for table `validasi_berkas_sidang`
--
ALTER TABLE `validasi_berkas_sidang`
  ADD PRIMARY KEY (`id_valid_sidang`),
  ADD KEY `id_sidang` (`id_sidang`),
  ADD KEY `id_berkas_sidang` (`id_berkas_sidang`);

--
-- Indexes for table `validasi_berkas_yudisium`
--
ALTER TABLE `validasi_berkas_yudisium`
  ADD PRIMARY KEY (`id_valid_yudisium`),
  ADD KEY `id_yudisium` (`id_yudisium`),
  ADD KEY `id_berkas_yudisium` (`id_berkas_yudisium`);

--
-- Indexes for table `yudisium`
--
ALTER TABLE `yudisium`
  ADD PRIMARY KEY (`id_yudisium`),
  ADD KEY `id_mahasiswa` (`id_mahasiswa`),
  ADD KEY `id_periode` (`id_periode`);

--
-- AUTO_INCREMENT for dumped tables
--

--
-- AUTO_INCREMENT for table `akademik`
--
ALTER TABLE `akademik`
  MODIFY `id_akademik` int(11) NOT NULL AUTO_INCREMENT, AUTO_INCREMENT=6;

--
-- AUTO_INCREMENT for table `anggota_sidang`
--
ALTER TABLE `anggota_sidang`
  MODIFY `id_anggota_sidang` int(11) NOT NULL AUTO_INCREMENT, AUTO_INCREMENT=43;

--
-- AUTO_INCREMENT for table `berkas_sidang`
--
ALTER TABLE `berkas_sidang`
  MODIFY `id_berkas_sidang` int(11) NOT NULL AUTO_INCREMENT, AUTO_INCREMENT=11;

--
-- AUTO_INCREMENT for table `berkas_yudisium`
--
ALTER TABLE `berkas_yudisium`
  MODIFY `id_berkas_yudisium` int(11) NOT NULL AUTO_INCREMENT, AUTO_INCREMENT=8;

--
-- AUTO_INCREMENT for table `dosbing`
--
ALTER TABLE `dosbing`
  MODIFY `id_dosbing` int(11) NOT NULL AUTO_INCREMENT, AUTO_INCREMENT=13;

--
-- AUTO_INCREMENT for table `dosen`
--
ALTER TABLE `dosen`
  MODIFY `id_dosen` int(11) NOT NULL AUTO_INCREMENT, AUTO_INCREMENT=30;

--
-- AUTO_INCREMENT for table `jadwal_sidang`
--
ALTER TABLE `jadwal_sidang`
  MODIFY `id_jadwal` int(11) NOT NULL AUTO_INCREMENT, AUTO_INCREMENT=16;

--
-- AUTO_INCREMENT for table `kaprodi`
--
ALTER TABLE `kaprodi`
  MODIFY `id_kaprodi` int(11) NOT NULL AUTO_INCREMENT, AUTO_INCREMENT=2;

--
-- AUTO_INCREMENT for table `komponen`
--
ALTER TABLE `komponen`
  MODIFY `id_komponen` int(11) NOT NULL AUTO_INCREMENT, AUTO_INCREMENT=11;

--
-- AUTO_INCREMENT for table `komponen_nilai`
--
ALTER TABLE `komponen_nilai`
  MODIFY `id_komponen_nilai` int(11) NOT NULL AUTO_INCREMENT, AUTO_INCREMENT=421;

--
-- AUTO_INCREMENT for table `log_pesan`
--
ALTER TABLE `log_pesan`
  MODIFY `id_log` int(11) NOT NULL AUTO_INCREMENT, AUTO_INCREMENT=64;

--
-- AUTO_INCREMENT for table `mahasiswa`
--
ALTER TABLE `mahasiswa`
  MODIFY `id_mahasiswa` int(11) NOT NULL AUTO_INCREMENT, AUTO_INCREMENT=44;

--
-- AUTO_INCREMENT for table `pengajuan_ta`
--
ALTER TABLE `pengajuan_ta`
  MODIFY `id_pengajuan_ta` int(11) NOT NULL AUTO_INCREMENT, AUTO_INCREMENT=64;

--
-- AUTO_INCREMENT for table `pengumuman`
--
ALTER TABLE `pengumuman`
  MODIFY `id_pengumuman` int(11) NOT NULL AUTO_INCREMENT, AUTO_INCREMENT=3;

--
-- AUTO_INCREMENT for table `penilaian`
--
ALTER TABLE `penilaian`
  MODIFY `id_penilaian` int(11) NOT NULL AUTO_INCREMENT, AUTO_INCREMENT=43;

--
-- AUTO_INCREMENT for table `periode`
--
ALTER TABLE `periode`
  MODIFY `id_periode` int(11) NOT NULL AUTO_INCREMENT, AUTO_INCREMENT=57;

--
-- AUTO_INCREMENT for table `proyek`
--
ALTER TABLE `proyek`
  MODIFY `id_proyek` int(11) NOT NULL AUTO_INCREMENT, AUTO_INCREMENT=31;

--
-- AUTO_INCREMENT for table `revisi_sidang`
--
ALTER TABLE `revisi_sidang`
  MODIFY `id_revisi_sidang` int(11) NOT NULL AUTO_INCREMENT, AUTO_INCREMENT=2;

--
-- AUTO_INCREMENT for table `sidang`
--
ALTER TABLE `sidang`
  MODIFY `id_sidang` int(11) NOT NULL AUTO_INCREMENT, AUTO_INCREMENT=19;

--
-- AUTO_INCREMENT for table `tugas_akhir`
--
ALTER TABLE `tugas_akhir`
  MODIFY `id_ta` int(11) NOT NULL AUTO_INCREMENT, AUTO_INCREMENT=34;

--
-- AUTO_INCREMENT for table `user`
--
ALTER TABLE `user`
  MODIFY `id_user` int(11) NOT NULL AUTO_INCREMENT, AUTO_INCREMENT=61;

--
-- AUTO_INCREMENT for table `user_role`
--
ALTER TABLE `user_role`
  MODIFY `id_user_role` tinyint(4) NOT NULL AUTO_INCREMENT, AUTO_INCREMENT=5;

--
-- AUTO_INCREMENT for table `usulan`
--
ALTER TABLE `usulan`
  MODIFY `id_usulan` int(11) NOT NULL AUTO_INCREMENT, AUTO_INCREMENT=27;

--
-- AUTO_INCREMENT for table `validasi_berkas_sidang`
--
ALTER TABLE `validasi_berkas_sidang`
  MODIFY `id_valid_sidang` int(11) NOT NULL AUTO_INCREMENT, AUTO_INCREMENT=181;

--
-- AUTO_INCREMENT for table `validasi_berkas_yudisium`
--
ALTER TABLE `validasi_berkas_yudisium`
  MODIFY `id_valid_yudisium` int(11) NOT NULL AUTO_INCREMENT, AUTO_INCREMENT=22;

--
-- AUTO_INCREMENT for table `yudisium`
--
ALTER TABLE `yudisium`
  MODIFY `id_yudisium` int(11) NOT NULL AUTO_INCREMENT, AUTO_INCREMENT=4;

--
-- Constraints for dumped tables
--

--
-- Constraints for table `akademik`
--
ALTER TABLE `akademik`
  ADD CONSTRAINT `akademik_ibfk_1` FOREIGN KEY (`id_user`) REFERENCES `user` (`id_user`) ON DELETE CASCADE ON UPDATE CASCADE;

--
-- Constraints for table `anggota_sidang`
--
ALTER TABLE `anggota_sidang`
  ADD CONSTRAINT `anggota_sidang_ibfk_1` FOREIGN KEY (`id_sidang`) REFERENCES `sidang` (`id_sidang`) ON DELETE CASCADE ON UPDATE CASCADE,
  ADD CONSTRAINT `anggota_sidang_ibfk_2` FOREIGN KEY (`id_dosen`) REFERENCES `dosen` (`id_dosen`) ON DELETE CASCADE ON UPDATE CASCADE;

--
-- Constraints for table `dosbing`
--
ALTER TABLE `dosbing`
  ADD CONSTRAINT `dosbing_ibfk_1` FOREIGN KEY (`id_dosen`) REFERENCES `dosen` (`id_dosen`) ON DELETE CASCADE ON UPDATE CASCADE,
  ADD CONSTRAINT `dosbing_ibfk_2` FOREIGN KEY (`id_mahasiswa`) REFERENCES `mahasiswa` (`id_mahasiswa`) ON DELETE CASCADE ON UPDATE CASCADE;

--
-- Constraints for table `dosen`
--
ALTER TABLE `dosen`
  ADD CONSTRAINT `dosen_ibfk_1` FOREIGN KEY (`id_user`) REFERENCES `user` (`id_user`) ON DELETE CASCADE ON UPDATE CASCADE;

--
-- Constraints for table `jadwal_sidang`
--
ALTER TABLE `jadwal_sidang`
  ADD CONSTRAINT `jadwal_sidang_ibfk_1` FOREIGN KEY (`id_sidang`) REFERENCES `sidang` (`id_sidang`) ON DELETE CASCADE ON UPDATE CASCADE;

--
-- Constraints for table `kaprodi`
--
ALTER TABLE `kaprodi`
  ADD CONSTRAINT `kaprodi_ibfk_1` FOREIGN KEY (`id_user`) REFERENCES `user` (`id_user`) ON DELETE CASCADE ON UPDATE CASCADE,
  ADD CONSTRAINT `kaprodi_ibfk_2` FOREIGN KEY (`id_dosen`) REFERENCES `dosen` (`id_dosen`) ON DELETE CASCADE ON UPDATE CASCADE,
  ADD CONSTRAINT `kaprodi_ibfk_3` FOREIGN KEY (`id_akademik`) REFERENCES `akademik` (`id_akademik`) ON DELETE CASCADE ON UPDATE CASCADE;

--
-- Constraints for table `komponen_nilai`
--
ALTER TABLE `komponen_nilai`
  ADD CONSTRAINT `komponen_nilai_ibfk_1` FOREIGN KEY (`id_komponen`) REFERENCES `komponen` (`id_komponen`) ON DELETE CASCADE ON UPDATE CASCADE,
  ADD CONSTRAINT `komponen_nilai_ibfk_2` FOREIGN KEY (`id_penilaian`) REFERENCES `penilaian` (`id_penilaian`) ON DELETE CASCADE ON UPDATE CASCADE;

--
-- Constraints for table `mahasiswa`
--
ALTER TABLE `mahasiswa`
  ADD CONSTRAINT `mahasiswa_ibfk_1` FOREIGN KEY (`id_user`) REFERENCES `user` (`id_user`) ON DELETE CASCADE ON UPDATE CASCADE;

--
-- Constraints for table `pengajuan_ta`
--
ALTER TABLE `pengajuan_ta`
  ADD CONSTRAINT `pengajuan_ta_ibfk_1` FOREIGN KEY (`id_ta`) REFERENCES `tugas_akhir` (`id_ta`) ON DELETE CASCADE ON UPDATE CASCADE,
  ADD CONSTRAINT `pengajuan_ta_ibfk_2` FOREIGN KEY (`id_proyek`) REFERENCES `proyek` (`id_proyek`);

--
-- Constraints for table `penilaian`
--
ALTER TABLE `penilaian`
  ADD CONSTRAINT `penilaian_ibfk_2` FOREIGN KEY (`id_sidang`) REFERENCES `sidang` (`id_sidang`) ON DELETE CASCADE ON UPDATE CASCADE,
  ADD CONSTRAINT `penilaian_ibfk_3` FOREIGN KEY (`id_anggota_sidang`) REFERENCES `anggota_sidang` (`id_anggota_sidang`) ON DELETE CASCADE ON UPDATE CASCADE;

--
-- Constraints for table `proyek`
--
ALTER TABLE `proyek`
  ADD CONSTRAINT `proyek_ibfk_1` FOREIGN KEY (`id_dosen`) REFERENCES `dosen` (`id_dosen`) ON DELETE CASCADE ON UPDATE CASCADE;

--
-- Constraints for table `revisi_sidang`
--
ALTER TABLE `revisi_sidang`
  ADD CONSTRAINT `revisi_sidang_ibfk_1` FOREIGN KEY (`id_anggota_sidang`) REFERENCES `anggota_sidang` (`id_anggota_sidang`) ON DELETE CASCADE ON UPDATE CASCADE;

--
-- Constraints for table `sidang`
--
ALTER TABLE `sidang`
  ADD CONSTRAINT `sidang_ibfk_2` FOREIGN KEY (`id_mahasiswa`) REFERENCES `mahasiswa` (`id_mahasiswa`) ON DELETE CASCADE ON UPDATE CASCADE,
  ADD CONSTRAINT `sidang_ibfk_3` FOREIGN KEY (`id_periode`) REFERENCES `periode` (`id_periode`) ON DELETE CASCADE ON UPDATE CASCADE;

--
-- Constraints for table `tugas_akhir`
--
ALTER TABLE `tugas_akhir`
  ADD CONSTRAINT `tugas_akhir_ibfk_6` FOREIGN KEY (`id_mahasiswa`) REFERENCES `mahasiswa` (`id_mahasiswa`) ON DELETE CASCADE ON UPDATE CASCADE,
  ADD CONSTRAINT `tugas_akhir_ibfk_7` FOREIGN KEY (`id_periode`) REFERENCES `periode` (`id_periode`) ON DELETE CASCADE ON UPDATE CASCADE;

--
-- Constraints for table `user`
--
ALTER TABLE `user`
  ADD CONSTRAINT `user_ibfk_1` FOREIGN KEY (`id_user_role`) REFERENCES `user_role` (`id_user_role`) ON DELETE CASCADE ON UPDATE CASCADE;

--
-- Constraints for table `usulan`
--
ALTER TABLE `usulan`
  ADD CONSTRAINT `usulan_ibfk_1` FOREIGN KEY (`id_pengajuan_ta`) REFERENCES `pengajuan_ta` (`id_pengajuan_ta`) ON DELETE CASCADE ON UPDATE CASCADE,
  ADD CONSTRAINT `usulan_ibfk_2` FOREIGN KEY (`id_dosen`) REFERENCES `dosen` (`id_dosen`) ON DELETE CASCADE ON UPDATE CASCADE;

--
-- Constraints for table `validasi_berkas_sidang`
--
ALTER TABLE `validasi_berkas_sidang`
  ADD CONSTRAINT `validasi_berkas_sidang_ibfk_1` FOREIGN KEY (`id_sidang`) REFERENCES `sidang` (`id_sidang`) ON DELETE CASCADE ON UPDATE CASCADE,
  ADD CONSTRAINT `validasi_berkas_sidang_ibfk_2` FOREIGN KEY (`id_berkas_sidang`) REFERENCES `berkas_sidang` (`id_berkas_sidang`) ON DELETE CASCADE ON UPDATE CASCADE;

--
-- Constraints for table `validasi_berkas_yudisium`
--
ALTER TABLE `validasi_berkas_yudisium`
  ADD CONSTRAINT `validasi_berkas_yudisium_ibfk_1` FOREIGN KEY (`id_yudisium`) REFERENCES `yudisium` (`id_yudisium`) ON DELETE CASCADE ON UPDATE CASCADE,
  ADD CONSTRAINT `validasi_berkas_yudisium_ibfk_2` FOREIGN KEY (`id_berkas_yudisium`) REFERENCES `berkas_yudisium` (`id_berkas_yudisium`) ON DELETE CASCADE ON UPDATE CASCADE;

--
-- Constraints for table `yudisium`
--
ALTER TABLE `yudisium`
  ADD CONSTRAINT `yudisium_ibfk_1` FOREIGN KEY (`id_periode`) REFERENCES `periode` (`id_periode`) ON DELETE CASCADE ON UPDATE CASCADE,
  ADD CONSTRAINT `yudisium_ibfk_2` FOREIGN KEY (`id_mahasiswa`) REFERENCES `mahasiswa` (`id_mahasiswa`) ON DELETE CASCADE ON UPDATE CASCADE;
COMMIT;

/*!40101 SET CHARACTER_SET_CLIENT=@OLD_CHARACTER_SET_CLIENT */;
/*!40101 SET CHARACTER_SET_RESULTS=@OLD_CHARACTER_SET_RESULTS */;
/*!40101 SET COLLATION_CONNECTION=@OLD_COLLATION_CONNECTION */;
